run_file,run_id,run_name,created_at_utc,run_schema_version,git_sha,script_persist_directory,script_collection_name,script_chroma_sqlite_sha256,derived_persist_directory,derived_collection_name,derived_build_tag,derived_chroma_sqlite_sha256,persist_directory,search_type,k,qe_enabled,case_id,question,retrieved_any,said_idk,cited_episode,context_docs,context_chars,distinct_episode_count,distinct_source_count,top_episode_share,episode_entropy_norm,source_dup_rate,episode_dup_rate,aggregation_like,aggregation_readiness_score_0_100,cited_episode_ids_not_in_context_count,grounding_failure,retrieval_failure
experiments/runs/2026-03-02T19-41-43Z_baseline_similarity_k3.json,2026-03-02T19-41-43Z_baseline_similarity_k3,baseline_similarity_k3,2026-03-02T19:41:43Z,,,db/chroma_db,,,,,,,db/chroma_db,similarity,3,,q1,Find the episode where Dwight says something like 'Bears. Beets. Battlestar Galactica.' What is the context?,True,False,False,3,2406,,,,,,,,,,,
experiments/runs/2026-03-02T19-41-43Z_baseline_similarity_k3.json,2026-03-02T19-41-43Z_baseline_similarity_k3,baseline_similarity_k3,2026-03-02T19:41:43Z,,,db/chroma_db,,,,,,,db/chroma_db,similarity,3,,q2,In what episode does Michael burn his foot?,True,False,False,3,1927,,,,,,,,,,,
experiments/runs/2026-03-02T19-41-43Z_baseline_similarity_k3.json,2026-03-02T19-41-43Z_baseline_similarity_k3,baseline_similarity_k3,2026-03-02T19:41:43Z,,,db/chroma_db,,,,,,,db/chroma_db,similarity,3,,q3,Summarize season 2 of The Office.,True,False,True,3,1004,,,,,,,,,,,
experiments/runs/2026-03-02T19-41-43Z_baseline_similarity_k3.json,2026-03-02T19-41-43Z_baseline_similarity_k3,baseline_similarity_k3,2026-03-02T19:41:43Z,,,db/chroma_db,,,,,,,db/chroma_db,similarity,3,,q4,Why does Dwight dislike Jim? Give 3 reasons with examples,True,False,False,3,3526,,,,,,,,,,,
experiments/runs/2026-03-02T19-41-43Z_baseline_similarity_k3.json,2026-03-02T19-41-43Z_baseline_similarity_k3,baseline_similarity_k3,2026-03-02T19:41:43Z,,,db/chroma_db,,,,,,,db/chroma_db,similarity,3,,q5,List Michael Scott’s serious girlfriends and how the relationships ended.,True,False,False,3,3838,,,,,,,,,,,
experiments/runs/2026-03-02T19-41-43Z_baseline_similarity_k3.json,2026-03-02T19-41-43Z_baseline_similarity_k3,baseline_similarity_k3,2026-03-02T19:41:43Z,,,db/chroma_db,,,,,,,db/chroma_db,similarity,3,,q6,What is the teapot letter and why is it important?,True,False,True,3,2672,,,,,,,,,,,
experiments/runs/2026-03-02T19-41-43Z_baseline_similarity_k3.json,2026-03-02T19-41-43Z_baseline_similarity_k3,baseline_similarity_k3,2026-03-02T19:41:43Z,,,db/chroma_db,,,,,,,db/chroma_db,similarity,3,,q7,Who is Creed and what is his deal?,True,False,False,3,1972,,,,,,,,,,,
experiments/runs/2026-03-02T19-45-31Z_t1_similarity_k12.json,2026-03-02T19-45-31Z_t1_similarity_k12,t1_similarity_k12,2026-03-02T19:45:31Z,,,db/chroma_db,,,,,,,db/chroma_db,similarity,12,,q1,Find the episode where Dwight says something like 'Bears. Beets. Battlestar Galactica.' What is the context?,True,False,False,12,11414,,,,,,,,,,,
experiments/runs/2026-03-02T19-45-31Z_t1_similarity_k12.json,2026-03-02T19-45-31Z_t1_similarity_k12,t1_similarity_k12,2026-03-02T19:45:31Z,,,db/chroma_db,,,,,,,db/chroma_db,similarity,12,,q2,In what episode does Michael burn his foot?,True,False,False,12,8842,,,,,,,,,,,
experiments/runs/2026-03-02T19-45-31Z_t1_similarity_k12.json,2026-03-02T19-45-31Z_t1_similarity_k12,t1_similarity_k12,2026-03-02T19:45:31Z,,,db/chroma_db,,,,,,,db/chroma_db,similarity,12,,q3,Summarize season 2 of The Office.,True,False,True,12,6062,,,,,,,,,,,
experiments/runs/2026-03-02T19-45-31Z_t1_similarity_k12.json,2026-03-02T19-45-31Z_t1_similarity_k12,t1_similarity_k12,2026-03-02T19:45:31Z,,,db/chroma_db,,,,,,,db/chroma_db,similarity,12,,q4,Why does Dwight dislike Jim? Give 3 reasons with examples,True,False,True,12,11097,,,,,,,,,,,
experiments/runs/2026-03-02T19-45-31Z_t1_similarity_k12.json,2026-03-02T19-45-31Z_t1_similarity_k12,t1_similarity_k12,2026-03-02T19:45:31Z,,,db/chroma_db,,,,,,,db/chroma_db,similarity,12,,q5,List Michael Scott’s serious girlfriends and how the relationships ended.,True,False,False,12,15053,,,,,,,,,,,
experiments/runs/2026-03-02T19-45-31Z_t1_similarity_k12.json,2026-03-02T19-45-31Z_t1_similarity_k12,t1_similarity_k12,2026-03-02T19:45:31Z,,,db/chroma_db,,,,,,,db/chroma_db,similarity,12,,q6,What is the teapot letter and why is it important?,True,False,True,12,10504,,,,,,,,,,,
experiments/runs/2026-03-02T19-45-31Z_t1_similarity_k12.json,2026-03-02T19-45-31Z_t1_similarity_k12,t1_similarity_k12,2026-03-02T19:45:31Z,,,db/chroma_db,,,,,,,db/chroma_db,similarity,12,,q7,Who is Creed and what is his deal?,True,False,False,12,7027,,,,,,,,,,,
experiments/runs/2026-03-02T20-01-46Z_t2_mmr_k12_fetch40_l07.json,2026-03-02T20-01-46Z_t2_mmr_k12_fetch40_l07,t2_mmr_k12_fetch40_l07,2026-03-02T20:01:46Z,,,db/chroma_db,,,,,,,db/chroma_db,mmr,12,,q1,Find the episode where Dwight says something like 'Bears. Beets. Battlestar Galactica.' What is the context?,False,True,False,0,0,,,,,,,,,,,
experiments/runs/2026-03-02T20-01-46Z_t2_mmr_k12_fetch40_l07.json,2026-03-02T20-01-46Z_t2_mmr_k12_fetch40_l07,t2_mmr_k12_fetch40_l07,2026-03-02T20:01:46Z,,,db/chroma_db,,,,,,,db/chroma_db,mmr,12,,q2,In what episode does Michael burn his foot?,False,True,False,0,0,,,,,,,,,,,
experiments/runs/2026-03-02T20-01-46Z_t2_mmr_k12_fetch40_l07.json,2026-03-02T20-01-46Z_t2_mmr_k12_fetch40_l07,t2_mmr_k12_fetch40_l07,2026-03-02T20:01:46Z,,,db/chroma_db,,,,,,,db/chroma_db,mmr,12,,q3,Summarize season 2 of The Office.,False,True,False,0,0,,,,,,,,,,,
experiments/runs/2026-03-02T20-01-46Z_t2_mmr_k12_fetch40_l07.json,2026-03-02T20-01-46Z_t2_mmr_k12_fetch40_l07,t2_mmr_k12_fetch40_l07,2026-03-02T20:01:46Z,,,db/chroma_db,,,,,,,db/chroma_db,mmr,12,,q4,Why does Dwight dislike Jim? Give 3 reasons with examples,False,True,False,0,0,,,,,,,,,,,
experiments/runs/2026-03-02T20-01-46Z_t2_mmr_k12_fetch40_l07.json,2026-03-02T20-01-46Z_t2_mmr_k12_fetch40_l07,t2_mmr_k12_fetch40_l07,2026-03-02T20:01:46Z,,,db/chroma_db,,,,,,,db/chroma_db,mmr,12,,q5,List Michael Scott’s serious girlfriends and how the relationships ended.,False,True,False,0,0,,,,,,,,,,,
experiments/runs/2026-03-02T20-01-46Z_t2_mmr_k12_fetch40_l07.json,2026-03-02T20-01-46Z_t2_mmr_k12_fetch40_l07,t2_mmr_k12_fetch40_l07,2026-03-02T20:01:46Z,,,db/chroma_db,,,,,,,db/chroma_db,mmr,12,,q6,What is the teapot letter and why is it important?,False,True,False,0,0,,,,,,,,,,,
experiments/runs/2026-03-02T20-01-46Z_t2_mmr_k12_fetch40_l07.json,2026-03-02T20-01-46Z_t2_mmr_k12_fetch40_l07,t2_mmr_k12_fetch40_l07,2026-03-02T20:01:46Z,,,db/chroma_db,,,,,,,db/chroma_db,mmr,12,,q7,Who is Creed and what is his deal?,False,True,False,0,0,,,,,,,,,,,
experiments/runs/2026-03-02T20-06-06Z_baseline_similarity_k3.json,2026-03-02T20-06-06Z_baseline_similarity_k3,baseline_similarity_k3,2026-03-02T20:06:06Z,,,db/chroma_db,,,,,,,db/chroma_db,similarity,3,,q1,Find the episode where Dwight says something like 'Bears. Beets. Battlestar Galactica.' What is the context?,True,False,False,3,2406,,,,,,,,,,,
experiments/runs/2026-03-02T20-06-06Z_baseline_similarity_k3.json,2026-03-02T20-06-06Z_baseline_similarity_k3,baseline_similarity_k3,2026-03-02T20:06:06Z,,,db/chroma_db,,,,,,,db/chroma_db,similarity,3,,q2,In what episode does Michael burn his foot?,True,False,False,3,1927,,,,,,,,,,,
experiments/runs/2026-03-02T20-06-06Z_baseline_similarity_k3.json,2026-03-02T20-06-06Z_baseline_similarity_k3,baseline_similarity_k3,2026-03-02T20:06:06Z,,,db/chroma_db,,,,,,,db/chroma_db,similarity,3,,q3,Summarize season 2 of The Office.,True,False,False,3,1004,,,,,,,,,,,
experiments/runs/2026-03-02T20-06-06Z_baseline_similarity_k3.json,2026-03-02T20-06-06Z_baseline_similarity_k3,baseline_similarity_k3,2026-03-02T20:06:06Z,,,db/chroma_db,,,,,,,db/chroma_db,similarity,3,,q4,Why does Dwight dislike Jim? Give 3 reasons with examples,True,False,False,3,3526,,,,,,,,,,,
experiments/runs/2026-03-02T20-06-06Z_baseline_similarity_k3.json,2026-03-02T20-06-06Z_baseline_similarity_k3,baseline_similarity_k3,2026-03-02T20:06:06Z,,,db/chroma_db,,,,,,,db/chroma_db,similarity,3,,q5,List Michael Scott’s serious girlfriends and how the relationships ended.,True,False,False,3,3838,,,,,,,,,,,
experiments/runs/2026-03-02T20-06-06Z_baseline_similarity_k3.json,2026-03-02T20-06-06Z_baseline_similarity_k3,baseline_similarity_k3,2026-03-02T20:06:06Z,,,db/chroma_db,,,,,,,db/chroma_db,similarity,3,,q6,What is the teapot letter and why is it important?,True,False,False,3,2672,,,,,,,,,,,
experiments/runs/2026-03-02T20-06-06Z_baseline_similarity_k3.json,2026-03-02T20-06-06Z_baseline_similarity_k3,baseline_similarity_k3,2026-03-02T20:06:06Z,,,db/chroma_db,,,,,,,db/chroma_db,similarity,3,,q7,Who is Creed and what is his deal?,True,False,False,3,1972,,,,,,,,,,,
experiments/runs/2026-03-02T23-27-02Z_t2_mmr_k12_fetch40_l07_fixed.json,2026-03-02T23-27-02Z_t2_mmr_k12_fetch40_l07_fixed,t2_mmr_k12_fetch40_l07_fixed,2026-03-02T23:27:02Z,,,db/chroma_db,,,,,,,db/chroma_db,mmr,12,,q1,Find the episode where Dwight says something like 'Bears. Beets. Battlestar Galactica.' What is the context?,True,False,True,12,10509,,,,,,,,,,,
experiments/runs/2026-03-02T23-27-02Z_t2_mmr_k12_fetch40_l07_fixed.json,2026-03-02T23-27-02Z_t2_mmr_k12_fetch40_l07_fixed,t2_mmr_k12_fetch40_l07_fixed,2026-03-02T23:27:02Z,,,db/chroma_db,,,,,,,db/chroma_db,mmr,12,,q2,In what episode does Michael burn his foot?,True,False,False,12,7833,,,,,,,,,,,
experiments/runs/2026-03-02T23-27-02Z_t2_mmr_k12_fetch40_l07_fixed.json,2026-03-02T23-27-02Z_t2_mmr_k12_fetch40_l07_fixed,t2_mmr_k12_fetch40_l07_fixed,2026-03-02T23:27:02Z,,,db/chroma_db,,,,,,,db/chroma_db,mmr,12,,q3,Summarize season 2 of The Office.,True,False,True,12,4882,,,,,,,,,,,
experiments/runs/2026-03-02T23-27-02Z_t2_mmr_k12_fetch40_l07_fixed.json,2026-03-02T23-27-02Z_t2_mmr_k12_fetch40_l07_fixed,t2_mmr_k12_fetch40_l07_fixed,2026-03-02T23:27:02Z,,,db/chroma_db,,,,,,,db/chroma_db,mmr,12,,q4,Why does Dwight dislike Jim? Give 3 reasons with examples,True,False,False,12,10224,,,,,,,,,,,
experiments/runs/2026-03-02T23-27-02Z_t2_mmr_k12_fetch40_l07_fixed.json,2026-03-02T23-27-02Z_t2_mmr_k12_fetch40_l07_fixed,t2_mmr_k12_fetch40_l07_fixed,2026-03-02T23:27:02Z,,,db/chroma_db,,,,,,,db/chroma_db,mmr,12,,q5,List Michael Scott’s serious girlfriends and how the relationships ended.,True,False,False,12,13285,,,,,,,,,,,
experiments/runs/2026-03-02T23-27-02Z_t2_mmr_k12_fetch40_l07_fixed.json,2026-03-02T23-27-02Z_t2_mmr_k12_fetch40_l07_fixed,t2_mmr_k12_fetch40_l07_fixed,2026-03-02T23:27:02Z,,,db/chroma_db,,,,,,,db/chroma_db,mmr,12,,q6,What is the teapot letter and why is it important?,True,False,False,12,10241,,,,,,,,,,,
experiments/runs/2026-03-02T23-27-02Z_t2_mmr_k12_fetch40_l07_fixed.json,2026-03-02T23-27-02Z_t2_mmr_k12_fetch40_l07_fixed,t2_mmr_k12_fetch40_l07_fixed,2026-03-02T23:27:02Z,,,db/chroma_db,,,,,,,db/chroma_db,mmr,12,,q7,Who is Creed and what is his deal?,True,False,False,12,6940,,,,,,,,,,,
experiments/runs/2026-03-03T04-35-41Z_scene_chunks_mmr_k12.json,2026-03-03T04-35-41Z_scene_chunks_mmr_k12,scene_chunks_mmr_k12,2026-03-03T04:35:41Z,,,db/chroma_db_scene,,,,,,,db/chroma_db_scene,mmr,12,,q1,Find the episode where Dwight says something like 'Bears. Beets. Battlestar Galactica.' What is the context?,True,False,False,12,7701,,,,,,,,,,,
experiments/runs/2026-03-03T04-35-41Z_scene_chunks_mmr_k12.json,2026-03-03T04-35-41Z_scene_chunks_mmr_k12,scene_chunks_mmr_k12,2026-03-03T04:35:41Z,,,db/chroma_db_scene,,,,,,,db/chroma_db_scene,mmr,12,,q2,In what episode does Michael burn his foot?,True,False,True,12,6796,,,,,,,,,,,
experiments/runs/2026-03-03T04-35-41Z_scene_chunks_mmr_k12.json,2026-03-03T04-35-41Z_scene_chunks_mmr_k12,scene_chunks_mmr_k12,2026-03-03T04:35:41Z,,,db/chroma_db_scene,,,,,,,db/chroma_db_scene,mmr,12,,q3,Summarize season 2 of The Office.,True,False,True,12,4204,,,,,,,,,,,
experiments/runs/2026-03-03T04-35-41Z_scene_chunks_mmr_k12.json,2026-03-03T04-35-41Z_scene_chunks_mmr_k12,scene_chunks_mmr_k12,2026-03-03T04:35:41Z,,,db/chroma_db_scene,,,,,,,db/chroma_db_scene,mmr,12,,q4,Why does Dwight dislike Jim? Give 3 reasons with examples,True,False,False,12,5122,,,,,,,,,,,
experiments/runs/2026-03-03T04-35-41Z_scene_chunks_mmr_k12.json,2026-03-03T04-35-41Z_scene_chunks_mmr_k12,scene_chunks_mmr_k12,2026-03-03T04:35:41Z,,,db/chroma_db_scene,,,,,,,db/chroma_db_scene,mmr,12,,q5,List Michael Scott’s serious girlfriends and how the relationships ended.,True,False,False,12,9468,,,,,,,,,,,
experiments/runs/2026-03-03T04-35-41Z_scene_chunks_mmr_k12.json,2026-03-03T04-35-41Z_scene_chunks_mmr_k12,scene_chunks_mmr_k12,2026-03-03T04:35:41Z,,,db/chroma_db_scene,,,,,,,db/chroma_db_scene,mmr,12,,q6,What is the teapot letter and why is it important?,True,True,False,12,4606,,,,,,,,,,,
experiments/runs/2026-03-03T04-35-41Z_scene_chunks_mmr_k12.json,2026-03-03T04-35-41Z_scene_chunks_mmr_k12,scene_chunks_mmr_k12,2026-03-03T04:35:41Z,,,db/chroma_db_scene,,,,,,,db/chroma_db_scene,mmr,12,,q7,Who is Creed and what is his deal?,True,False,False,12,2474,,,,,,,,,,,
experiments/runs/2026-03-03T04-50-43Z_scene_chunks_similarity_k12.json,2026-03-03T04-50-43Z_scene_chunks_similarity_k12,scene_chunks_similarity_k12,2026-03-03T04:50:43Z,,,db/chroma_db_scene,,,,,,,db/chroma_db_scene,similarity,12,,q1,Find the episode where Dwight says something like 'Bears. Beets. Battlestar Galactica.' What is the context?,True,False,True,12,9925,,,,,,,,,,,
experiments/runs/2026-03-03T04-50-43Z_scene_chunks_similarity_k12.json,2026-03-03T04-50-43Z_scene_chunks_similarity_k12,scene_chunks_similarity_k12,2026-03-03T04:50:43Z,,,db/chroma_db_scene,,,,,,,db/chroma_db_scene,similarity,12,,q2,In what episode does Michael burn his foot?,True,False,True,12,7291,,,,,,,,,,,
experiments/runs/2026-03-03T04-50-43Z_scene_chunks_similarity_k12.json,2026-03-03T04-50-43Z_scene_chunks_similarity_k12,scene_chunks_similarity_k12,2026-03-03T04:50:43Z,,,db/chroma_db_scene,,,,,,,db/chroma_db_scene,similarity,12,,q3,Summarize season 2 of The Office.,True,False,True,12,4270,,,,,,,,,,,
experiments/runs/2026-03-03T04-50-43Z_scene_chunks_similarity_k12.json,2026-03-03T04-50-43Z_scene_chunks_similarity_k12,scene_chunks_similarity_k12,2026-03-03T04:50:43Z,,,db/chroma_db_scene,,,,,,,db/chroma_db_scene,similarity,12,,q4,Why does Dwight dislike Jim? Give 3 reasons with examples,True,False,False,12,6849,,,,,,,,,,,
experiments/runs/2026-03-03T04-50-43Z_scene_chunks_similarity_k12.json,2026-03-03T04-50-43Z_scene_chunks_similarity_k12,scene_chunks_similarity_k12,2026-03-03T04:50:43Z,,,db/chroma_db_scene,,,,,,,db/chroma_db_scene,similarity,12,,q5,List Michael Scott’s serious girlfriends and how the relationships ended.,True,False,False,12,14152,,,,,,,,,,,
experiments/runs/2026-03-03T04-50-43Z_scene_chunks_similarity_k12.json,2026-03-03T04-50-43Z_scene_chunks_similarity_k12,scene_chunks_similarity_k12,2026-03-03T04:50:43Z,,,db/chroma_db_scene,,,,,,,db/chroma_db_scene,similarity,12,,q6,What is the teapot letter and why is it important?,True,True,False,12,5429,,,,,,,,,,,
experiments/runs/2026-03-03T04-50-43Z_scene_chunks_similarity_k12.json,2026-03-03T04-50-43Z_scene_chunks_similarity_k12,scene_chunks_similarity_k12,2026-03-03T04:50:43Z,,,db/chroma_db_scene,,,,,,,db/chroma_db_scene,similarity,12,,q7,Who is Creed and what is his deal?,True,False,False,12,2714,,,,,,,,,,,
experiments/runs/2026-03-03T05-01-53Z_scene_chunks_mmr_k12_fetch80_lambda09.json,2026-03-03T05-01-53Z_scene_chunks_mmr_k12_fetch80_lambda09,scene_chunks_mmr_k12_fetch80_lambda09,2026-03-03T05:01:53Z,,,db/chroma_db_scene,,,,,,,db/chroma_db_scene,mmr,12,,q1,Find the episode where Dwight says something like 'Bears. Beets. Battlestar Galactica.' What is the context?,True,False,False,12,9953,,,,,,,,,,,
experiments/runs/2026-03-03T05-01-53Z_scene_chunks_mmr_k12_fetch80_lambda09.json,2026-03-03T05-01-53Z_scene_chunks_mmr_k12_fetch80_lambda09,scene_chunks_mmr_k12_fetch80_lambda09,2026-03-03T05:01:53Z,,,db/chroma_db_scene,,,,,,,db/chroma_db_scene,mmr,12,,q2,In what episode does Michael burn his foot?,True,False,True,12,7838,,,,,,,,,,,
experiments/runs/2026-03-03T05-01-53Z_scene_chunks_mmr_k12_fetch80_lambda09.json,2026-03-03T05-01-53Z_scene_chunks_mmr_k12_fetch80_lambda09,scene_chunks_mmr_k12_fetch80_lambda09,2026-03-03T05:01:53Z,,,db/chroma_db_scene,,,,,,,db/chroma_db_scene,mmr,12,,q3,Summarize season 2 of The Office.,True,False,True,12,4270,,,,,,,,,,,
experiments/runs/2026-03-03T05-01-53Z_scene_chunks_mmr_k12_fetch80_lambda09.json,2026-03-03T05-01-53Z_scene_chunks_mmr_k12_fetch80_lambda09,scene_chunks_mmr_k12_fetch80_lambda09,2026-03-03T05:01:53Z,,,db/chroma_db_scene,,,,,,,db/chroma_db_scene,mmr,12,,q4,Why does Dwight dislike Jim? Give 3 reasons with examples,True,False,False,12,5544,,,,,,,,,,,
experiments/runs/2026-03-03T05-01-53Z_scene_chunks_mmr_k12_fetch80_lambda09.json,2026-03-03T05-01-53Z_scene_chunks_mmr_k12_fetch80_lambda09,scene_chunks_mmr_k12_fetch80_lambda09,2026-03-03T05:01:53Z,,,db/chroma_db_scene,,,,,,,db/chroma_db_scene,mmr,12,,q5,List Michael Scott’s serious girlfriends and how the relationships ended.,True,False,False,12,12267,,,,,,,,,,,
experiments/runs/2026-03-03T05-01-53Z_scene_chunks_mmr_k12_fetch80_lambda09.json,2026-03-03T05-01-53Z_scene_chunks_mmr_k12_fetch80_lambda09,scene_chunks_mmr_k12_fetch80_lambda09,2026-03-03T05:01:53Z,,,db/chroma_db_scene,,,,,,,db/chroma_db_scene,mmr,12,,q6,What is the teapot letter and why is it important?,True,True,False,12,6050,,,,,,,,,,,
experiments/runs/2026-03-03T05-01-53Z_scene_chunks_mmr_k12_fetch80_lambda09.json,2026-03-03T05-01-53Z_scene_chunks_mmr_k12_fetch80_lambda09,scene_chunks_mmr_k12_fetch80_lambda09,2026-03-03T05:01:53Z,,,db/chroma_db_scene,,,,,,,db/chroma_db_scene,mmr,12,,q7,Who is Creed and what is his deal?,True,False,False,12,2434,,,,,,,,,,,
experiments/runs/2026-03-03T05-40-45Z_qe_rrf_similarity_k12.json,2026-03-03T05-40-45Z_qe_rrf_similarity_k12,qe_rrf_similarity_k12,2026-03-03T05:40:45Z,,,db/chroma_db,,,,,,,db/chroma_db,similarity,12,True,q1,Find the episode where Dwight says something like 'Bears. Beets. Battlestar Galactica.' What is the context?,True,False,True,12,10309,,,,,,,,,,,
experiments/runs/2026-03-03T05-40-45Z_qe_rrf_similarity_k12.json,2026-03-03T05-40-45Z_qe_rrf_similarity_k12,qe_rrf_similarity_k12,2026-03-03T05:40:45Z,,,db/chroma_db,,,,,,,db/chroma_db,similarity,12,True,q2,In what episode does Michael burn his foot?,True,False,True,12,10108,,,,,,,,,,,
experiments/runs/2026-03-03T05-40-45Z_qe_rrf_similarity_k12.json,2026-03-03T05-40-45Z_qe_rrf_similarity_k12,qe_rrf_similarity_k12,2026-03-03T05:40:45Z,,,db/chroma_db,,,,,,,db/chroma_db,similarity,12,True,q3,Summarize season 2 of The Office.,True,False,True,12,5916,,,,,,,,,,,
experiments/runs/2026-03-03T05-40-45Z_qe_rrf_similarity_k12.json,2026-03-03T05-40-45Z_qe_rrf_similarity_k12,qe_rrf_similarity_k12,2026-03-03T05:40:45Z,,,db/chroma_db,,,,,,,db/chroma_db,similarity,12,True,q4,Why does Dwight dislike Jim? Give 3 reasons with examples,True,False,False,12,9738,,,,,,,,,,,
experiments/runs/2026-03-03T05-40-45Z_qe_rrf_similarity_k12.json,2026-03-03T05-40-45Z_qe_rrf_similarity_k12,qe_rrf_similarity_k12,2026-03-03T05:40:45Z,,,db/chroma_db,,,,,,,db/chroma_db,similarity,12,True,q5,List Michael Scott’s serious girlfriends and how the relationships ended.,True,False,False,12,14721,,,,,,,,,,,
experiments/runs/2026-03-03T05-40-45Z_qe_rrf_similarity_k12.json,2026-03-03T05-40-45Z_qe_rrf_similarity_k12,qe_rrf_similarity_k12,2026-03-03T05:40:45Z,,,db/chroma_db,,,,,,,db/chroma_db,similarity,12,True,q6,What is the teapot letter and why is it important?,True,False,False,11,9038,,,,,,,,,,,
experiments/runs/2026-03-03T05-40-45Z_qe_rrf_similarity_k12.json,2026-03-03T05-40-45Z_qe_rrf_similarity_k12,qe_rrf_similarity_k12,2026-03-03T05:40:45Z,,,db/chroma_db,,,,,,,db/chroma_db,similarity,12,True,q7,Who is Creed and what is his deal?,True,False,False,12,7908,,,,,,,,,,,
experiments/runs/2026-03-03T05-46-17Z_qe_rrf_mmr_k12.json,2026-03-03T05-46-17Z_qe_rrf_mmr_k12,qe_rrf_mmr_k12,2026-03-03T05:46:17Z,,,db/chroma_db,,,,,,,db/chroma_db,mmr,12,True,q1,Find the episode where Dwight says something like 'Bears. Beets. Battlestar Galactica.' What is the context?,True,False,False,12,11160,,,,,,,,,,,
experiments/runs/2026-03-03T05-46-17Z_qe_rrf_mmr_k12.json,2026-03-03T05-46-17Z_qe_rrf_mmr_k12,qe_rrf_mmr_k12,2026-03-03T05:46:17Z,,,db/chroma_db,,,,,,,db/chroma_db,mmr,12,True,q2,In what episode does Michael burn his foot?,True,False,True,12,9379,,,,,,,,,,,
experiments/runs/2026-03-03T05-46-17Z_qe_rrf_mmr_k12.json,2026-03-03T05-46-17Z_qe_rrf_mmr_k12,qe_rrf_mmr_k12,2026-03-03T05:46:17Z,,,db/chroma_db,,,,,,,db/chroma_db,mmr,12,True,q3,Summarize season 2 of The Office.,True,False,True,12,5056,,,,,,,,,,,
experiments/runs/2026-03-03T05-46-17Z_qe_rrf_mmr_k12.json,2026-03-03T05-46-17Z_qe_rrf_mmr_k12,qe_rrf_mmr_k12,2026-03-03T05:46:17Z,,,db/chroma_db,,,,,,,db/chroma_db,mmr,12,True,q4,Why does Dwight dislike Jim? Give 3 reasons with examples,True,False,False,12,9679,,,,,,,,,,,
experiments/runs/2026-03-03T05-46-17Z_qe_rrf_mmr_k12.json,2026-03-03T05-46-17Z_qe_rrf_mmr_k12,qe_rrf_mmr_k12,2026-03-03T05:46:17Z,,,db/chroma_db,,,,,,,db/chroma_db,mmr,12,True,q5,List Michael Scott’s serious girlfriends and how the relationships ended.,True,False,False,12,12549,,,,,,,,,,,
experiments/runs/2026-03-03T05-46-17Z_qe_rrf_mmr_k12.json,2026-03-03T05-46-17Z_qe_rrf_mmr_k12,qe_rrf_mmr_k12,2026-03-03T05:46:17Z,,,db/chroma_db,,,,,,,db/chroma_db,mmr,12,True,q6,What is the teapot letter and why is it important?,True,False,False,12,9305,,,,,,,,,,,
experiments/runs/2026-03-03T05-46-17Z_qe_rrf_mmr_k12.json,2026-03-03T05-46-17Z_qe_rrf_mmr_k12,qe_rrf_mmr_k12,2026-03-03T05:46:17Z,,,db/chroma_db,,,,,,,db/chroma_db,mmr,12,True,q7,Who is Creed and what is his deal?,True,False,False,12,6948,,,,,,,,,,,
experiments/runs/2026-03-04T04-37-56Z_qe_rrf_mmr_k12.json,2026-03-04T04-37-56Z_qe_rrf_mmr_k12,qe_rrf_mmr_k12,2026-03-04T04:37:56Z,,,db/chroma_db_meta,,,,,,,db/chroma_db_meta,mmr,12,True,q1,Find the episode where Dwight says something like 'Bears. Beets. Battlestar Galactica.' What is the context?,True,False,True,12,11197,,,,,,,,,,False,False
experiments/runs/2026-03-04T04-37-56Z_qe_rrf_mmr_k12.json,2026-03-04T04-37-56Z_qe_rrf_mmr_k12,qe_rrf_mmr_k12,2026-03-04T04:37:56Z,,,db/chroma_db_meta,,,,,,,db/chroma_db_meta,mmr,12,True,q2,In what episode does Michael burn his foot?,True,False,True,12,9400,,,,,,,,,,False,False
experiments/runs/2026-03-04T04-37-56Z_qe_rrf_mmr_k12.json,2026-03-04T04-37-56Z_qe_rrf_mmr_k12,qe_rrf_mmr_k12,2026-03-04T04:37:56Z,,,db/chroma_db_meta,,,,,,,db/chroma_db_meta,mmr,12,True,q3,Summarize season 2 of The Office.,True,False,True,12,1852,,,,,,,,,,False,
experiments/runs/2026-03-04T04-37-56Z_qe_rrf_mmr_k12.json,2026-03-04T04-37-56Z_qe_rrf_mmr_k12,qe_rrf_mmr_k12,2026-03-04T04:37:56Z,,,db/chroma_db_meta,,,,,,,db/chroma_db_meta,mmr,12,True,q4,Why does Dwight dislike Jim? Give 3 reasons with examples,True,False,False,12,9344,,,,,,,,,,False,
experiments/runs/2026-03-04T04-37-56Z_qe_rrf_mmr_k12.json,2026-03-04T04-37-56Z_qe_rrf_mmr_k12,qe_rrf_mmr_k12,2026-03-04T04:37:56Z,,,db/chroma_db_meta,,,,,,,db/chroma_db_meta,mmr,12,True,q5,List Michael Scott’s serious girlfriends and how the relationships ended.,True,False,False,12,11857,,,,,,,,,,False,
experiments/runs/2026-03-04T04-37-56Z_qe_rrf_mmr_k12.json,2026-03-04T04-37-56Z_qe_rrf_mmr_k12,qe_rrf_mmr_k12,2026-03-04T04:37:56Z,,,db/chroma_db_meta,,,,,,,db/chroma_db_meta,mmr,12,True,q6,What is the teapot letter and why is it important?,True,False,False,12,10259,,,,,,,,,,False,True
experiments/runs/2026-03-04T04-37-56Z_qe_rrf_mmr_k12.json,2026-03-04T04-37-56Z_qe_rrf_mmr_k12,qe_rrf_mmr_k12,2026-03-04T04:37:56Z,,,db/chroma_db_meta,,,,,,,db/chroma_db_meta,mmr,12,True,q7,Who is Creed and what is his deal?,True,False,False,12,7527,,,,,,,,,,False,
experiments/runs/2026-03-05T02-02-24Z_auto_baseline_similarity_k3.json,2026-03-05T02-02-24Z_auto_baseline_similarity_k3,auto_baseline_similarity_k3,2026-03-05T02:02:24Z,,,db/chroma_db,,,,,,,db/chroma_db,similarity,3,False,q1,Find the episode where Dwight says something like 'Bears. Beets. Battlestar Galactica.' What is the context?,True,False,False,3,2382,3,3,0.3333333333333333,0.9999999999999998,0.0,0.0,False,88.33,0,False,False
experiments/runs/2026-03-05T02-02-24Z_auto_baseline_similarity_k3.json,2026-03-05T02-02-24Z_auto_baseline_similarity_k3,auto_baseline_similarity_k3,2026-03-05T02:02:24Z,,,db/chroma_db,,,,,,,db/chroma_db,similarity,3,False,q2,In what episode does Michael burn his foot?,True,False,False,3,1927,1,2,1.0,,0.33333333333333337,0.6666666666666667,False,6.67,0,False,False
experiments/runs/2026-03-05T02-02-24Z_auto_baseline_similarity_k3.json,2026-03-05T02-02-24Z_auto_baseline_similarity_k3,auto_baseline_similarity_k3,2026-03-05T02:02:24Z,,,db/chroma_db,,,,,,,db/chroma_db,similarity,3,False,q3,Summarize season 2 of The Office.,True,False,False,3,1004,2,3,0.6666666666666666,0.9182958340544894,0.0,0.33333333333333337,True,66.32,0,False,
experiments/runs/2026-03-05T02-02-24Z_auto_baseline_similarity_k3.json,2026-03-05T02-02-24Z_auto_baseline_similarity_k3,auto_baseline_similarity_k3,2026-03-05T02:02:24Z,,,db/chroma_db,,,,,,,db/chroma_db,similarity,3,False,q4,Why does Dwight dislike Jim? Give 3 reasons with examples,True,False,False,3,1823,2,2,0.6666666666666666,0.9182958340544894,0.33333333333333337,0.33333333333333337,True,66.32,0,False,
experiments/runs/2026-03-05T02-02-24Z_auto_baseline_similarity_k3.json,2026-03-05T02-02-24Z_auto_baseline_similarity_k3,auto_baseline_similarity_k3,2026-03-05T02:02:24Z,,,db/chroma_db,,,,,,,db/chroma_db,similarity,3,False,q5,List Michael Scott’s serious girlfriends and how the relationships ended.,True,False,False,3,3344,2,2,0.6666666666666666,0.9182958340544894,0.33333333333333337,0.33333333333333337,True,66.32,0,False,
experiments/runs/2026-03-05T02-02-24Z_auto_baseline_similarity_k3.json,2026-03-05T02-02-24Z_auto_baseline_similarity_k3,auto_baseline_similarity_k3,2026-03-05T02:02:24Z,,,db/chroma_db,,,,,,,db/chroma_db,similarity,3,False,q6,What is the teapot letter and why is it important?,True,False,False,3,2946,2,2,0.6666666666666666,0.9182958340544894,0.33333333333333337,0.33333333333333337,False,66.32,0,False,False
experiments/runs/2026-03-05T02-02-24Z_auto_baseline_similarity_k3.json,2026-03-05T02-02-24Z_auto_baseline_similarity_k3,auto_baseline_similarity_k3,2026-03-05T02:02:24Z,,,db/chroma_db,,,,,,,db/chroma_db,similarity,3,False,q7,Who is Creed and what is his deal?,True,False,False,3,1972,2,2,0.6666666666666666,0.9182958340544894,0.33333333333333337,0.33333333333333337,False,66.32,0,False,
experiments/runs/2026-03-05T02-02-46Z_auto_t1_similarity_k12.json,2026-03-05T02-02-46Z_auto_t1_similarity_k12,auto_t1_similarity_k12,2026-03-05T02:02:46Z,,,db/chroma_db,,,,,,,db/chroma_db,similarity,12,False,q1,Find the episode where Dwight says something like 'Bears. Beets. Battlestar Galactica.' What is the context?,True,False,True,12,10583,12,12,0.08333333333333333,1.0000000000000004,0.0,0.0,False,97.08,0,False,False
experiments/runs/2026-03-05T02-02-46Z_auto_t1_similarity_k12.json,2026-03-05T02-02-46Z_auto_t1_similarity_k12,auto_t1_similarity_k12,2026-03-05T02:02:46Z,,,db/chroma_db,,,,,,,db/chroma_db,similarity,12,False,q2,In what episode does Michael burn his foot?,True,False,True,12,8842,7,8,0.4166666666666667,0.873001762357072,0.33333333333333337,0.41666666666666663,False,71.37,0,False,False
experiments/runs/2026-03-05T02-02-46Z_auto_t1_similarity_k12.json,2026-03-05T02-02-46Z_auto_t1_similarity_k12,auto_t1_similarity_k12,2026-03-05T02:02:46Z,,,db/chroma_db,,,,,,,db/chroma_db,similarity,12,False,q3,Summarize season 2 of The Office.,True,False,False,11,5881,6,11,0.18181818181818182,0.986606462892553,0.0,0.4545454545454546,True,83.94,0,False,
experiments/runs/2026-03-05T02-02-46Z_auto_t1_similarity_k12.json,2026-03-05T02-02-46Z_auto_t1_similarity_k12,auto_t1_similarity_k12,2026-03-05T02:02:46Z,,,db/chroma_db,,,,,,,db/chroma_db,similarity,12,False,q4,Why does Dwight dislike Jim? Give 3 reasons with examples,True,False,False,12,8114,5,5,0.3333333333333333,0.9155385080075168,0.5833333333333333,0.5833333333333333,True,72.87,0,False,
experiments/runs/2026-03-05T02-02-46Z_auto_t1_similarity_k12.json,2026-03-05T02-02-46Z_auto_t1_similarity_k12,auto_t1_similarity_k12,2026-03-05T02:02:46Z,,,db/chroma_db,,,,,,,db/chroma_db,similarity,12,False,q5,List Michael Scott’s serious girlfriends and how the relationships ended.,True,False,False,12,12316,5,5,0.5,0.8166663857315859,0.5833333333333333,0.5833333333333333,True,62.58,0,False,
experiments/runs/2026-03-05T02-02-46Z_auto_t1_similarity_k12.json,2026-03-05T02-02-46Z_auto_t1_similarity_k12,auto_t1_similarity_k12,2026-03-05T02:02:46Z,,,db/chroma_db,,,,,,,db/chroma_db,similarity,12,False,q6,What is the teapot letter and why is it important?,True,False,False,12,10362,8,8,0.25,0.9517961807358447,0.33333333333333337,0.33333333333333337,False,82.41,0,False,False
experiments/runs/2026-03-05T02-02-46Z_auto_t1_similarity_k12.json,2026-03-05T02-02-46Z_auto_t1_similarity_k12,auto_t1_similarity_k12,2026-03-05T02:02:46Z,,,db/chroma_db,,,,,,,db/chroma_db,similarity,12,False,q7,Who is Creed and what is his deal?,True,False,False,12,7027,7,7,0.25,0.9577420562022181,0.41666666666666663,0.41666666666666663,False,81.02,0,False,
experiments/runs/2026-03-05T02-03-15Z_auto_t2_mmr_k12_fetch40_l07_fixed.json,2026-03-05T02-03-15Z_auto_t2_mmr_k12_fetch40_l07_fixed,auto_t2_mmr_k12_fetch40_l07_fixed,2026-03-05T02:03:15Z,,,db/chroma_db,,,,,,,db/chroma_db,mmr,12,False,q1,Find the episode where Dwight says something like 'Bears. Beets. Battlestar Galactica.' What is the context?,True,False,True,12,10583,12,12,0.08333333333333333,1.0000000000000004,0.0,0.0,False,97.08,0,False,False
experiments/runs/2026-03-05T02-03-15Z_auto_t2_mmr_k12_fetch40_l07_fixed.json,2026-03-05T02-03-15Z_auto_t2_mmr_k12_fetch40_l07_fixed,auto_t2_mmr_k12_fetch40_l07_fixed,2026-03-05T02:03:15Z,,,db/chroma_db,,,,,,,db/chroma_db,mmr,12,False,q2,In what episode does Michael burn his foot?,True,False,True,12,8786,7,8,0.4166666666666667,0.873001762357072,0.33333333333333337,0.41666666666666663,False,71.37,0,False,False
experiments/runs/2026-03-05T02-03-15Z_auto_t2_mmr_k12_fetch40_l07_fixed.json,2026-03-05T02-03-15Z_auto_t2_mmr_k12_fetch40_l07_fixed,auto_t2_mmr_k12_fetch40_l07_fixed,2026-03-05T02:03:15Z,,,db/chroma_db,,,,,,,db/chroma_db,mmr,12,False,q3,Summarize season 2 of The Office.,True,False,False,11,5881,6,11,0.18181818181818182,0.986606462892553,0.0,0.4545454545454546,True,83.94,0,False,
experiments/runs/2026-03-05T02-03-15Z_auto_t2_mmr_k12_fetch40_l07_fixed.json,2026-03-05T02-03-15Z_auto_t2_mmr_k12_fetch40_l07_fixed,auto_t2_mmr_k12_fetch40_l07_fixed,2026-03-05T02:03:15Z,,,db/chroma_db,,,,,,,db/chroma_db,mmr,12,False,q4,Why does Dwight dislike Jim? Give 3 reasons with examples,True,False,False,12,8114,5,5,0.3333333333333333,0.9155385080075168,0.5833333333333333,0.5833333333333333,True,72.87,0,True,
experiments/runs/2026-03-05T02-03-15Z_auto_t2_mmr_k12_fetch40_l07_fixed.json,2026-03-05T02-03-15Z_auto_t2_mmr_k12_fetch40_l07_fixed,auto_t2_mmr_k12_fetch40_l07_fixed,2026-03-05T02:03:15Z,,,db/chroma_db,,,,,,,db/chroma_db,mmr,12,False,q5,List Michael Scott’s serious girlfriends and how the relationships ended.,True,False,False,12,12316,5,5,0.5,0.8166663857315859,0.5833333333333333,0.5833333333333333,True,62.58,0,False,
experiments/runs/2026-03-05T02-03-15Z_auto_t2_mmr_k12_fetch40_l07_fixed.json,2026-03-05T02-03-15Z_auto_t2_mmr_k12_fetch40_l07_fixed,auto_t2_mmr_k12_fetch40_l07_fixed,2026-03-05T02:03:15Z,,,db/chroma_db,,,,,,,db/chroma_db,mmr,12,False,q6,What is the teapot letter and why is it important?,True,False,False,12,10766,11,11,0.16666666666666666,0.9881090915741209,0.08333333333333337,0.08333333333333337,False,91.96,0,False,False
experiments/runs/2026-03-05T02-03-15Z_auto_t2_mmr_k12_fetch40_l07_fixed.json,2026-03-05T02-03-15Z_auto_t2_mmr_k12_fetch40_l07_fixed,auto_t2_mmr_k12_fetch40_l07_fixed,2026-03-05T02:03:15Z,,,db/chroma_db,,,,,,,db/chroma_db,mmr,12,False,q7,Who is Creed and what is his deal?,True,False,False,12,7027,7,7,0.25,0.9577420562022181,0.41666666666666663,0.41666666666666663,False,81.02,0,False,
experiments/runs/2026-03-05T02-03-46Z_auto_scene_chunks_mmr_k12.json,2026-03-05T02-03-46Z_auto_scene_chunks_mmr_k12,auto_scene_chunks_mmr_k12,2026-03-05T02:03:46Z,,,db/chroma_db_scene,,,,,,,db/chroma_db_scene,mmr,12,False,q1,Find the episode where Dwight says something like 'Bears. Beets. Battlestar Galactica.' What is the context?,False,True,False,0,0,0,0,,,,,False,,0,,True
experiments/runs/2026-03-05T02-03-46Z_auto_scene_chunks_mmr_k12.json,2026-03-05T02-03-46Z_auto_scene_chunks_mmr_k12,auto_scene_chunks_mmr_k12,2026-03-05T02:03:46Z,,,db/chroma_db_scene,,,,,,,db/chroma_db_scene,mmr,12,False,q2,In what episode does Michael burn his foot?,False,True,False,0,0,0,0,,,,,False,,0,,True
experiments/runs/2026-03-05T02-03-46Z_auto_scene_chunks_mmr_k12.json,2026-03-05T02-03-46Z_auto_scene_chunks_mmr_k12,auto_scene_chunks_mmr_k12,2026-03-05T02:03:46Z,,,db/chroma_db_scene,,,,,,,db/chroma_db_scene,mmr,12,False,q3,Summarize season 2 of The Office.,False,True,False,0,0,0,0,,,,,True,,0,,
experiments/runs/2026-03-05T02-03-46Z_auto_scene_chunks_mmr_k12.json,2026-03-05T02-03-46Z_auto_scene_chunks_mmr_k12,auto_scene_chunks_mmr_k12,2026-03-05T02:03:46Z,,,db/chroma_db_scene,,,,,,,db/chroma_db_scene,mmr,12,False,q4,Why does Dwight dislike Jim? Give 3 reasons with examples,False,True,False,0,0,0,0,,,,,True,,0,,
experiments/runs/2026-03-05T02-03-46Z_auto_scene_chunks_mmr_k12.json,2026-03-05T02-03-46Z_auto_scene_chunks_mmr_k12,auto_scene_chunks_mmr_k12,2026-03-05T02:03:46Z,,,db/chroma_db_scene,,,,,,,db/chroma_db_scene,mmr,12,False,q5,List Michael Scott’s serious girlfriends and how the relationships ended.,False,True,False,0,0,0,0,,,,,True,,0,,
experiments/runs/2026-03-05T02-03-46Z_auto_scene_chunks_mmr_k12.json,2026-03-05T02-03-46Z_auto_scene_chunks_mmr_k12,auto_scene_chunks_mmr_k12,2026-03-05T02:03:46Z,,,db/chroma_db_scene,,,,,,,db/chroma_db_scene,mmr,12,False,q6,What is the teapot letter and why is it important?,False,True,False,0,0,0,0,,,,,False,,0,,True
experiments/runs/2026-03-05T02-03-46Z_auto_scene_chunks_mmr_k12.json,2026-03-05T02-03-46Z_auto_scene_chunks_mmr_k12,auto_scene_chunks_mmr_k12,2026-03-05T02:03:46Z,,,db/chroma_db_scene,,,,,,,db/chroma_db_scene,mmr,12,False,q7,Who is Creed and what is his deal?,False,True,False,0,0,0,0,,,,,False,,0,,
experiments/runs/2026-03-05T02-03-57Z_auto_scene_chunks_similarity_k12.json,2026-03-05T02-03-57Z_auto_scene_chunks_similarity_k12,auto_scene_chunks_similarity_k12,2026-03-05T02:03:57Z,,,db/chroma_db_scene,,,,,,,db/chroma_db_scene,similarity,12,False,q1,Find the episode where Dwight says something like 'Bears. Beets. Battlestar Galactica.' What is the context?,False,True,False,0,0,0,0,,,,,False,,0,,True
experiments/runs/2026-03-05T02-03-57Z_auto_scene_chunks_similarity_k12.json,2026-03-05T02-03-57Z_auto_scene_chunks_similarity_k12,auto_scene_chunks_similarity_k12,2026-03-05T02:03:57Z,,,db/chroma_db_scene,,,,,,,db/chroma_db_scene,similarity,12,False,q2,In what episode does Michael burn his foot?,False,True,False,0,0,0,0,,,,,False,,0,,True
experiments/runs/2026-03-05T02-03-57Z_auto_scene_chunks_similarity_k12.json,2026-03-05T02-03-57Z_auto_scene_chunks_similarity_k12,auto_scene_chunks_similarity_k12,2026-03-05T02:03:57Z,,,db/chroma_db_scene,,,,,,,db/chroma_db_scene,similarity,12,False,q3,Summarize season 2 of The Office.,False,True,False,0,0,0,0,,,,,True,,0,,
experiments/runs/2026-03-05T02-03-57Z_auto_scene_chunks_similarity_k12.json,2026-03-05T02-03-57Z_auto_scene_chunks_similarity_k12,auto_scene_chunks_similarity_k12,2026-03-05T02:03:57Z,,,db/chroma_db_scene,,,,,,,db/chroma_db_scene,similarity,12,False,q4,Why does Dwight dislike Jim? Give 3 reasons with examples,False,True,False,0,0,0,0,,,,,True,,0,,
experiments/runs/2026-03-05T02-03-57Z_auto_scene_chunks_similarity_k12.json,2026-03-05T02-03-57Z_auto_scene_chunks_similarity_k12,auto_scene_chunks_similarity_k12,2026-03-05T02:03:57Z,,,db/chroma_db_scene,,,,,,,db/chroma_db_scene,similarity,12,False,q5,List Michael Scott’s serious girlfriends and how the relationships ended.,False,True,False,0,0,0,0,,,,,True,,0,,
experiments/runs/2026-03-05T02-03-57Z_auto_scene_chunks_similarity_k12.json,2026-03-05T02-03-57Z_auto_scene_chunks_similarity_k12,auto_scene_chunks_similarity_k12,2026-03-05T02:03:57Z,,,db/chroma_db_scene,,,,,,,db/chroma_db_scene,similarity,12,False,q6,What is the teapot letter and why is it important?,False,True,False,0,0,0,0,,,,,False,,0,,True
experiments/runs/2026-03-05T02-03-57Z_auto_scene_chunks_similarity_k12.json,2026-03-05T02-03-57Z_auto_scene_chunks_similarity_k12,auto_scene_chunks_similarity_k12,2026-03-05T02:03:57Z,,,db/chroma_db_scene,,,,,,,db/chroma_db_scene,similarity,12,False,q7,Who is Creed and what is his deal?,False,True,False,0,0,0,0,,,,,False,,0,,
experiments/runs/2026-03-05T02-04-06Z_auto_scene_chunks_mmr_k12_fetch80_lambda09.json,2026-03-05T02-04-06Z_auto_scene_chunks_mmr_k12_fetch80_lambda09,auto_scene_chunks_mmr_k12_fetch80_lambda09,2026-03-05T02:04:06Z,,,db/chroma_db_scene,,,,,,,db/chroma_db_scene,mmr,12,False,q1,Find the episode where Dwight says something like 'Bears. Beets. Battlestar Galactica.' What is the context?,False,True,False,0,0,0,0,,,,,False,,0,,True
experiments/runs/2026-03-05T02-04-06Z_auto_scene_chunks_mmr_k12_fetch80_lambda09.json,2026-03-05T02-04-06Z_auto_scene_chunks_mmr_k12_fetch80_lambda09,auto_scene_chunks_mmr_k12_fetch80_lambda09,2026-03-05T02:04:06Z,,,db/chroma_db_scene,,,,,,,db/chroma_db_scene,mmr,12,False,q2,In what episode does Michael burn his foot?,False,True,False,0,0,0,0,,,,,False,,0,,True
experiments/runs/2026-03-05T02-04-06Z_auto_scene_chunks_mmr_k12_fetch80_lambda09.json,2026-03-05T02-04-06Z_auto_scene_chunks_mmr_k12_fetch80_lambda09,auto_scene_chunks_mmr_k12_fetch80_lambda09,2026-03-05T02:04:06Z,,,db/chroma_db_scene,,,,,,,db/chroma_db_scene,mmr,12,False,q3,Summarize season 2 of The Office.,False,True,False,0,0,0,0,,,,,True,,0,,
experiments/runs/2026-03-05T02-04-06Z_auto_scene_chunks_mmr_k12_fetch80_lambda09.json,2026-03-05T02-04-06Z_auto_scene_chunks_mmr_k12_fetch80_lambda09,auto_scene_chunks_mmr_k12_fetch80_lambda09,2026-03-05T02:04:06Z,,,db/chroma_db_scene,,,,,,,db/chroma_db_scene,mmr,12,False,q4,Why does Dwight dislike Jim? Give 3 reasons with examples,False,True,False,0,0,0,0,,,,,True,,0,,
experiments/runs/2026-03-05T02-04-06Z_auto_scene_chunks_mmr_k12_fetch80_lambda09.json,2026-03-05T02-04-06Z_auto_scene_chunks_mmr_k12_fetch80_lambda09,auto_scene_chunks_mmr_k12_fetch80_lambda09,2026-03-05T02:04:06Z,,,db/chroma_db_scene,,,,,,,db/chroma_db_scene,mmr,12,False,q5,List Michael Scott’s serious girlfriends and how the relationships ended.,False,True,False,0,0,0,0,,,,,True,,0,,
experiments/runs/2026-03-05T02-04-06Z_auto_scene_chunks_mmr_k12_fetch80_lambda09.json,2026-03-05T02-04-06Z_auto_scene_chunks_mmr_k12_fetch80_lambda09,auto_scene_chunks_mmr_k12_fetch80_lambda09,2026-03-05T02:04:06Z,,,db/chroma_db_scene,,,,,,,db/chroma_db_scene,mmr,12,False,q6,What is the teapot letter and why is it important?,False,True,False,0,0,0,0,,,,,False,,0,,True
experiments/runs/2026-03-05T02-04-06Z_auto_scene_chunks_mmr_k12_fetch80_lambda09.json,2026-03-05T02-04-06Z_auto_scene_chunks_mmr_k12_fetch80_lambda09,auto_scene_chunks_mmr_k12_fetch80_lambda09,2026-03-05T02:04:06Z,,,db/chroma_db_scene,,,,,,,db/chroma_db_scene,mmr,12,False,q7,Who is Creed and what is his deal?,False,True,False,0,0,0,0,,,,,False,,0,,
experiments/runs/2026-03-05T02-04-16Z_auto_scene_chunks_mmr_k12_fetch80_lambda09_w1.json,2026-03-05T02-04-16Z_auto_scene_chunks_mmr_k12_fetch80_lambda09_w1,auto_scene_chunks_mmr_k12_fetch80_lambda09_w1,2026-03-05T02:04:16Z,,,db/chroma_db_scene_w1,,,,,,,db/chroma_db_scene_w1,mmr,12,False,q1,Find the episode where Dwight says something like 'Bears. Beets. Battlestar Galactica.' What is the context?,False,True,False,0,0,0,0,,,,,False,,0,,True
experiments/runs/2026-03-05T02-04-16Z_auto_scene_chunks_mmr_k12_fetch80_lambda09_w1.json,2026-03-05T02-04-16Z_auto_scene_chunks_mmr_k12_fetch80_lambda09_w1,auto_scene_chunks_mmr_k12_fetch80_lambda09_w1,2026-03-05T02:04:16Z,,,db/chroma_db_scene_w1,,,,,,,db/chroma_db_scene_w1,mmr,12,False,q2,In what episode does Michael burn his foot?,False,True,False,0,0,0,0,,,,,False,,0,,True
experiments/runs/2026-03-05T02-04-16Z_auto_scene_chunks_mmr_k12_fetch80_lambda09_w1.json,2026-03-05T02-04-16Z_auto_scene_chunks_mmr_k12_fetch80_lambda09_w1,auto_scene_chunks_mmr_k12_fetch80_lambda09_w1,2026-03-05T02:04:16Z,,,db/chroma_db_scene_w1,,,,,,,db/chroma_db_scene_w1,mmr,12,False,q3,Summarize season 2 of The Office.,False,True,False,0,0,0,0,,,,,True,,0,,
experiments/runs/2026-03-05T02-04-16Z_auto_scene_chunks_mmr_k12_fetch80_lambda09_w1.json,2026-03-05T02-04-16Z_auto_scene_chunks_mmr_k12_fetch80_lambda09_w1,auto_scene_chunks_mmr_k12_fetch80_lambda09_w1,2026-03-05T02:04:16Z,,,db/chroma_db_scene_w1,,,,,,,db/chroma_db_scene_w1,mmr,12,False,q4,Why does Dwight dislike Jim? Give 3 reasons with examples,False,True,False,0,0,0,0,,,,,True,,0,,
experiments/runs/2026-03-05T02-04-16Z_auto_scene_chunks_mmr_k12_fetch80_lambda09_w1.json,2026-03-05T02-04-16Z_auto_scene_chunks_mmr_k12_fetch80_lambda09_w1,auto_scene_chunks_mmr_k12_fetch80_lambda09_w1,2026-03-05T02:04:16Z,,,db/chroma_db_scene_w1,,,,,,,db/chroma_db_scene_w1,mmr,12,False,q5,List Michael Scott’s serious girlfriends and how the relationships ended.,False,True,False,0,0,0,0,,,,,True,,0,,
experiments/runs/2026-03-05T02-04-16Z_auto_scene_chunks_mmr_k12_fetch80_lambda09_w1.json,2026-03-05T02-04-16Z_auto_scene_chunks_mmr_k12_fetch80_lambda09_w1,auto_scene_chunks_mmr_k12_fetch80_lambda09_w1,2026-03-05T02:04:16Z,,,db/chroma_db_scene_w1,,,,,,,db/chroma_db_scene_w1,mmr,12,False,q6,What is the teapot letter and why is it important?,False,True,False,0,0,0,0,,,,,False,,0,,True
experiments/runs/2026-03-05T02-04-16Z_auto_scene_chunks_mmr_k12_fetch80_lambda09_w1.json,2026-03-05T02-04-16Z_auto_scene_chunks_mmr_k12_fetch80_lambda09_w1,auto_scene_chunks_mmr_k12_fetch80_lambda09_w1,2026-03-05T02:04:16Z,,,db/chroma_db_scene_w1,,,,,,,db/chroma_db_scene_w1,mmr,12,False,q7,Who is Creed and what is his deal?,False,True,False,0,0,0,0,,,,,False,,0,,
experiments/runs/2026-03-05T02-04-25Z_auto_qe_rrf_similarity_k12.json,2026-03-05T02-04-25Z_auto_qe_rrf_similarity_k12,auto_qe_rrf_similarity_k12,2026-03-05T02:04:25Z,,,db/chroma_db,,,,,,,db/chroma_db,similarity,12,True,q1,Find the episode where Dwight says something like 'Bears. Beets. Battlestar Galactica.' What is the context?,True,False,False,12,9970,11,11,0.16666666666666666,0.9881090915741209,0.08333333333333337,0.08333333333333337,False,91.96,0,False,False
experiments/runs/2026-03-05T02-04-25Z_auto_qe_rrf_similarity_k12.json,2026-03-05T02-04-25Z_auto_qe_rrf_similarity_k12,auto_qe_rrf_similarity_k12,2026-03-05T02:04:25Z,,,db/chroma_db,,,,,,,db/chroma_db,similarity,12,True,q2,In what episode does Michael burn his foot?,True,False,True,12,10800,5,6,0.5833333333333334,0.7668937437992748,0.5,0.5833333333333333,False,57.43,0,False,False
experiments/runs/2026-03-05T02-04-25Z_auto_qe_rrf_similarity_k12.json,2026-03-05T02-04-25Z_auto_qe_rrf_similarity_k12,auto_qe_rrf_similarity_k12,2026-03-05T02:04:25Z,,,db/chroma_db,,,,,,,db/chroma_db,similarity,12,True,q3,Summarize season 2 of The Office.,True,False,False,12,5916,10,12,0.16666666666666666,0.9788379141596313,0.0,0.16666666666666663,True,89.88,0,False,
experiments/runs/2026-03-05T02-04-25Z_auto_qe_rrf_similarity_k12.json,2026-03-05T02-04-25Z_auto_qe_rrf_similarity_k12,auto_qe_rrf_similarity_k12,2026-03-05T02:04:25Z,,,db/chroma_db,,,,,,,db/chroma_db,similarity,12,True,q4,Why does Dwight dislike Jim? Give 3 reasons with examples,True,False,False,12,9271,11,11,0.16666666666666666,0.9881090915741209,0.08333333333333337,0.08333333333333337,True,91.96,0,False,
experiments/runs/2026-03-05T02-04-25Z_auto_qe_rrf_similarity_k12.json,2026-03-05T02-04-25Z_auto_qe_rrf_similarity_k12,auto_qe_rrf_similarity_k12,2026-03-05T02:04:25Z,,,db/chroma_db,,,,,,,db/chroma_db,similarity,12,True,q5,List Michael Scott’s serious girlfriends and how the relationships ended.,True,False,False,12,16533,8,8,0.3333333333333333,0.9172097224626078,0.33333333333333337,0.33333333333333337,True,77.94,0,False,
experiments/runs/2026-03-05T02-04-25Z_auto_qe_rrf_similarity_k12.json,2026-03-05T02-04-25Z_auto_qe_rrf_similarity_k12,auto_qe_rrf_similarity_k12,2026-03-05T02:04:25Z,,,db/chroma_db,,,,,,,db/chroma_db,similarity,12,True,q6,What is the teapot letter and why is it important?,True,False,True,12,9312,10,10,0.16666666666666666,0.9788379141596312,0.16666666666666663,0.16666666666666663,False,89.88,1,True,False
experiments/runs/2026-03-05T02-04-25Z_auto_qe_rrf_similarity_k12.json,2026-03-05T02-04-25Z_auto_qe_rrf_similarity_k12,auto_qe_rrf_similarity_k12,2026-03-05T02:04:25Z,,,db/chroma_db,,,,,,,db/chroma_db,similarity,12,True,q7,Who is Creed and what is his deal?,True,False,False,12,7698,8,8,0.25,0.9517961807358449,0.33333333333333337,0.33333333333333337,False,82.41,0,False,
experiments/runs/2026-03-05T02-05-01Z_auto_qe_rrf_mmr_k12.json,2026-03-05T02-05-01Z_auto_qe_rrf_mmr_k12,auto_qe_rrf_mmr_k12,2026-03-05T02:05:01Z,,,db/chroma_db,,,,,,,db/chroma_db,mmr,12,True,q1,Find the episode where Dwight says something like 'Bears. Beets. Battlestar Galactica.' What is the context?,True,False,True,12,9970,11,11,0.16666666666666666,0.9881090915741209,0.08333333333333337,0.08333333333333337,False,91.96,0,False,False
experiments/runs/2026-03-05T02-05-01Z_auto_qe_rrf_mmr_k12.json,2026-03-05T02-05-01Z_auto_qe_rrf_mmr_k12,auto_qe_rrf_mmr_k12,2026-03-05T02:05:01Z,,,db/chroma_db,,,,,,,db/chroma_db,mmr,12,True,q2,In what episode does Michael burn his foot?,True,False,True,12,10800,5,6,0.5833333333333334,0.7668937437992748,0.5,0.5833333333333333,False,57.43,0,False,False
experiments/runs/2026-03-05T02-05-01Z_auto_qe_rrf_mmr_k12.json,2026-03-05T02-05-01Z_auto_qe_rrf_mmr_k12,auto_qe_rrf_mmr_k12,2026-03-05T02:05:01Z,,,db/chroma_db,,,,,,,db/chroma_db,mmr,12,True,q3,Summarize season 2 of The Office.,True,False,True,12,5916,10,12,0.16666666666666666,0.9788379141596313,0.0,0.16666666666666663,True,89.88,0,False,
experiments/runs/2026-03-05T02-05-01Z_auto_qe_rrf_mmr_k12.json,2026-03-05T02-05-01Z_auto_qe_rrf_mmr_k12,auto_qe_rrf_mmr_k12,2026-03-05T02:05:01Z,,,db/chroma_db,,,,,,,db/chroma_db,mmr,12,True,q4,Why does Dwight dislike Jim? Give 3 reasons with examples,True,False,False,12,9271,11,11,0.16666666666666666,0.9881090915741209,0.08333333333333337,0.08333333333333337,True,91.96,0,False,
experiments/runs/2026-03-05T02-05-01Z_auto_qe_rrf_mmr_k12.json,2026-03-05T02-05-01Z_auto_qe_rrf_mmr_k12,auto_qe_rrf_mmr_k12,2026-03-05T02:05:01Z,,,db/chroma_db,,,,,,,db/chroma_db,mmr,12,True,q5,List Michael Scott’s serious girlfriends and how the relationships ended.,True,False,False,12,16533,8,8,0.3333333333333333,0.9172097224626078,0.33333333333333337,0.33333333333333337,True,77.94,0,False,
experiments/runs/2026-03-05T02-05-01Z_auto_qe_rrf_mmr_k12.json,2026-03-05T02-05-01Z_auto_qe_rrf_mmr_k12,auto_qe_rrf_mmr_k12,2026-03-05T02:05:01Z,,,db/chroma_db,,,,,,,db/chroma_db,mmr,12,True,q6,What is the teapot letter and why is it important?,True,False,False,12,9538,10,10,0.16666666666666666,0.9788379141596313,0.16666666666666663,0.16666666666666663,False,89.88,0,False,False
experiments/runs/2026-03-05T02-05-01Z_auto_qe_rrf_mmr_k12.json,2026-03-05T02-05-01Z_auto_qe_rrf_mmr_k12,auto_qe_rrf_mmr_k12,2026-03-05T02:05:01Z,,,db/chroma_db,,,,,,,db/chroma_db,mmr,12,True,q7,Who is Creed and what is his deal?,True,False,False,12,7908,9,9,0.16666666666666666,0.9731973151785932,0.25,0.25,False,87.96,0,False,
experiments/runs/2026-03-05T02-05-51Z_auto_meta_qe_rrf_mmr_k12.json,2026-03-05T02-05-51Z_auto_meta_qe_rrf_mmr_k12,auto_meta_qe_rrf_mmr_k12,2026-03-05T02:05:51Z,,,db/chroma_db_meta,,,,,,,db/chroma_db_meta,mmr,12,True,q1,Find the episode where Dwight says something like 'Bears. Beets. Battlestar Galactica.' What is the context?,True,False,True,12,9960,10,10,0.16666666666666666,0.9788379141596312,0.16666666666666663,0.16666666666666663,False,89.88,0,False,False
experiments/runs/2026-03-05T02-05-51Z_auto_meta_qe_rrf_mmr_k12.json,2026-03-05T02-05-51Z_auto_meta_qe_rrf_mmr_k12,auto_meta_qe_rrf_mmr_k12,2026-03-05T02:05:51Z,,,db/chroma_db_meta,,,,,,,db/chroma_db_meta,mmr,12,True,q2,In what episode does Michael burn his foot?,True,False,True,9,8358,3,4,0.6666666666666666,0.7725068857142601,0.5555555555555556,0.6666666666666667,False,53.1,0,False,False
experiments/runs/2026-03-05T02-05-51Z_auto_meta_qe_rrf_mmr_k12.json,2026-03-05T02-05-51Z_auto_meta_qe_rrf_mmr_k12,auto_meta_qe_rrf_mmr_k12,2026-03-05T02:05:51Z,,,db/chroma_db_meta,,,,,,,db/chroma_db_meta,mmr,12,True,q3,Summarize season 2 of The Office.,True,False,True,12,3055,11,11,0.16666666666666666,0.9881090915741209,0.08333333333333337,0.08333333333333337,True,91.96,0,False,
experiments/runs/2026-03-05T02-05-51Z_auto_meta_qe_rrf_mmr_k12.json,2026-03-05T02-05-51Z_auto_meta_qe_rrf_mmr_k12,auto_meta_qe_rrf_mmr_k12,2026-03-05T02:05:51Z,,,db/chroma_db_meta,,,,,,,db/chroma_db_meta,mmr,12,True,q4,Why does Dwight dislike Jim? Give 3 reasons with examples,True,False,False,12,10057,10,10,0.16666666666666666,0.9788379141596313,0.16666666666666663,0.16666666666666663,True,89.88,0,False,
experiments/runs/2026-03-05T02-05-51Z_auto_meta_qe_rrf_mmr_k12.json,2026-03-05T02-05-51Z_auto_meta_qe_rrf_mmr_k12,auto_meta_qe_rrf_mmr_k12,2026-03-05T02:05:51Z,,,db/chroma_db_meta,,,,,,,db/chroma_db_meta,mmr,12,True,q5,List Michael Scott’s serious girlfriends and how the relationships ended.,True,False,False,12,13275,8,9,0.25,0.9517961807358449,0.25,0.33333333333333337,True,82.41,0,False,
experiments/runs/2026-03-05T02-05-51Z_auto_meta_qe_rrf_mmr_k12.json,2026-03-05T02-05-51Z_auto_meta_qe_rrf_mmr_k12,auto_meta_qe_rrf_mmr_k12,2026-03-05T02:05:51Z,,,db/chroma_db_meta,,,,,,,db/chroma_db_meta,mmr,12,True,q6,What is the teapot letter and why is it important?,True,False,False,12,11020,12,12,0.08333333333333333,1.0000000000000004,0.0,0.0,False,97.08,0,False,False
experiments/runs/2026-03-05T02-05-51Z_auto_meta_qe_rrf_mmr_k12.json,2026-03-05T02-05-51Z_auto_meta_qe_rrf_mmr_k12,auto_meta_qe_rrf_mmr_k12,2026-03-05T02:05:51Z,,,db/chroma_db_meta,,,,,,,db/chroma_db_meta,mmr,12,True,q7,Who is Creed and what is his deal?,True,False,False,12,7977,9,9,0.16666666666666666,0.9731973151785932,0.25,0.25,False,87.96,0,False,
experiments/runs/2026-03-05T02-23-28Z_sanity_blended_similarity_k3.json,2026-03-05T02-23-28Z_sanity_blended_similarity_k3,sanity_blended_similarity_k3,2026-03-05T02:23:28Z,,,db/chroma_db,,,,,,,db/chroma_db,similarity,3,False,q1,Find the episode where Dwight says something like 'Bears. Beets. Battlestar Galactica.' What is the context?,True,False,False,3,2557,3,3,0.3333333333333333,0.9999999999999998,0.0,0.0,False,88.33,0,,False
experiments/runs/2026-03-05T02-23-28Z_sanity_blended_similarity_k3.json,2026-03-05T02-23-28Z_sanity_blended_similarity_k3,sanity_blended_similarity_k3,2026-03-05T02:23:28Z,,,db/chroma_db,,,,,,,db/chroma_db,similarity,3,False,q2,In what episode does Michael burn his foot?,True,False,False,3,1707,1,2,1.0,,0.33333333333333337,0.6666666666666667,False,6.67,0,,False
experiments/runs/2026-03-05T02-23-28Z_sanity_blended_similarity_k3.json,2026-03-05T02-23-28Z_sanity_blended_similarity_k3,sanity_blended_similarity_k3,2026-03-05T02:23:28Z,,,db/chroma_db,,,,,,,db/chroma_db,similarity,3,False,q3,Summarize season 2 of The Office.,True,False,False,3,270,3,3,0.3333333333333333,0.9999999999999998,0.0,0.0,True,88.33,0,,
experiments/runs/2026-03-05T02-23-28Z_sanity_blended_similarity_k3.json,2026-03-05T02-23-28Z_sanity_blended_similarity_k3,sanity_blended_similarity_k3,2026-03-05T02:23:28Z,,,db/chroma_db,,,,,,,db/chroma_db,similarity,3,False,q4,Why does Dwight dislike Jim? Give 3 reasons with examples,True,False,False,3,3526,3,3,0.3333333333333333,0.9999999999999998,0.0,0.0,True,88.33,0,,
experiments/runs/2026-03-05T02-23-28Z_sanity_blended_similarity_k3.json,2026-03-05T02-23-28Z_sanity_blended_similarity_k3,sanity_blended_similarity_k3,2026-03-05T02:23:28Z,,,db/chroma_db,,,,,,,db/chroma_db,similarity,3,False,q5,List Michael Scott’s serious girlfriends and how the relationships ended.,True,False,False,3,3838,3,3,0.3333333333333333,0.9999999999999998,0.0,0.0,True,88.33,0,,
experiments/runs/2026-03-05T02-23-28Z_sanity_blended_similarity_k3.json,2026-03-05T02-23-28Z_sanity_blended_similarity_k3,sanity_blended_similarity_k3,2026-03-05T02:23:28Z,,,db/chroma_db,,,,,,,db/chroma_db,similarity,3,False,q6,What is the teapot letter and why is it important?,True,False,False,3,3002,3,3,0.3333333333333333,0.9999999999999998,0.0,0.0,False,88.33,0,,True
experiments/runs/2026-03-05T02-23-28Z_sanity_blended_similarity_k3.json,2026-03-05T02-23-28Z_sanity_blended_similarity_k3,sanity_blended_similarity_k3,2026-03-05T02:23:28Z,,,db/chroma_db,,,,,,,db/chroma_db,similarity,3,False,q7,Who is Creed and what is his deal?,True,False,False,3,1972,2,2,0.6666666666666666,0.9182958340544894,0.33333333333333337,0.33333333333333337,False,66.32,0,,
experiments/runs/2026-03-05T02-24-45Z_meta_ingest_auto_baseline_similarity_k3.json,2026-03-05T02-24-45Z_meta_ingest_auto_baseline_similarity_k3,meta_ingest_auto_baseline_similarity_k3,2026-03-05T02:24:45Z,,,db/chroma_db,,,,,,,db/chroma_db,similarity,3,False,q1,Find the episode where Dwight says something like 'Bears. Beets. Battlestar Galactica.' What is the context?,True,False,True,3,2557,3,3,0.3333333333333333,0.9999999999999998,0.0,0.0,False,88.33,0,False,False
experiments/runs/2026-03-05T02-24-45Z_meta_ingest_auto_baseline_similarity_k3.json,2026-03-05T02-24-45Z_meta_ingest_auto_baseline_similarity_k3,meta_ingest_auto_baseline_similarity_k3,2026-03-05T02:24:45Z,,,db/chroma_db,,,,,,,db/chroma_db,similarity,3,False,q2,In what episode does Michael burn his foot?,True,False,True,3,1707,1,2,1.0,,0.33333333333333337,0.6666666666666667,False,6.67,0,False,False
experiments/runs/2026-03-05T02-24-45Z_meta_ingest_auto_baseline_similarity_k3.json,2026-03-05T02-24-45Z_meta_ingest_auto_baseline_similarity_k3,meta_ingest_auto_baseline_similarity_k3,2026-03-05T02:24:45Z,,,db/chroma_db,,,,,,,db/chroma_db,similarity,3,False,q3,Summarize season 2 of The Office.,True,False,False,3,422,3,3,0.3333333333333333,0.9999999999999998,0.0,0.0,True,88.33,0,False,
experiments/runs/2026-03-05T02-24-45Z_meta_ingest_auto_baseline_similarity_k3.json,2026-03-05T02-24-45Z_meta_ingest_auto_baseline_similarity_k3,meta_ingest_auto_baseline_similarity_k3,2026-03-05T02:24:45Z,,,db/chroma_db,,,,,,,db/chroma_db,similarity,3,False,q4,Why does Dwight dislike Jim? Give 3 reasons with examples,True,False,False,3,2265,3,3,0.3333333333333333,0.9999999999999998,0.0,0.0,True,88.33,0,False,
experiments/runs/2026-03-05T02-24-45Z_meta_ingest_auto_baseline_similarity_k3.json,2026-03-05T02-24-45Z_meta_ingest_auto_baseline_similarity_k3,meta_ingest_auto_baseline_similarity_k3,2026-03-05T02:24:45Z,,,db/chroma_db,,,,,,,db/chroma_db,similarity,3,False,q5,List Michael Scott’s serious girlfriends and how the relationships ended.,True,False,False,3,3344,2,2,0.6666666666666666,0.9182958340544894,0.33333333333333337,0.33333333333333337,True,66.32,0,False,
experiments/runs/2026-03-05T02-24-45Z_meta_ingest_auto_baseline_similarity_k3.json,2026-03-05T02-24-45Z_meta_ingest_auto_baseline_similarity_k3,meta_ingest_auto_baseline_similarity_k3,2026-03-05T02:24:45Z,,,db/chroma_db,,,,,,,db/chroma_db,similarity,3,False,q6,What is the teapot letter and why is it important?,True,True,False,3,3002,3,3,0.3333333333333333,0.9999999999999998,0.0,0.0,False,88.33,0,,True
experiments/runs/2026-03-05T02-24-45Z_meta_ingest_auto_baseline_similarity_k3.json,2026-03-05T02-24-45Z_meta_ingest_auto_baseline_similarity_k3,meta_ingest_auto_baseline_similarity_k3,2026-03-05T02:24:45Z,,,db/chroma_db,,,,,,,db/chroma_db,similarity,3,False,q7,Who is Creed and what is his deal?,True,False,False,3,1972,2,2,0.6666666666666666,0.9182958340544894,0.33333333333333337,0.33333333333333337,False,66.32,0,False,
experiments/runs/2026-03-05T02-25-03Z_meta_ingest_auto_t1_similarity_k12.json,2026-03-05T02-25-03Z_meta_ingest_auto_t1_similarity_k12,meta_ingest_auto_t1_similarity_k12,2026-03-05T02:25:03Z,,,db/chroma_db,,,,,,,db/chroma_db,similarity,12,False,q1,Find the episode where Dwight says something like 'Bears. Beets. Battlestar Galactica.' What is the context?,True,False,True,12,11838,11,11,0.16666666666666666,0.9881090915741209,0.08333333333333337,0.08333333333333337,False,91.96,0,False,False
experiments/runs/2026-03-05T02-25-03Z_meta_ingest_auto_t1_similarity_k12.json,2026-03-05T02-25-03Z_meta_ingest_auto_t1_similarity_k12,meta_ingest_auto_t1_similarity_k12,2026-03-05T02:25:03Z,,,db/chroma_db,,,,,,,db/chroma_db,similarity,12,False,q2,In what episode does Michael burn his foot?,True,False,True,12,9532,5,6,0.5833333333333334,0.766893743799275,0.5,0.5833333333333333,False,57.43,0,False,False
experiments/runs/2026-03-05T02-25-03Z_meta_ingest_auto_t1_similarity_k12.json,2026-03-05T02-25-03Z_meta_ingest_auto_t1_similarity_k12,meta_ingest_auto_t1_similarity_k12,2026-03-05T02:25:03Z,,,db/chroma_db,,,,,,,db/chroma_db,similarity,12,False,q3,Summarize season 2 of The Office.,True,False,True,12,5387,6,11,0.25,0.9756641375534825,0.08333333333333337,0.5,True,80.15,0,False,
experiments/runs/2026-03-05T02-25-03Z_meta_ingest_auto_t1_similarity_k12.json,2026-03-05T02-25-03Z_meta_ingest_auto_t1_similarity_k12,meta_ingest_auto_t1_similarity_k12,2026-03-05T02:25:03Z,,,db/chroma_db,,,,,,,db/chroma_db,similarity,12,False,q4,Why does Dwight dislike Jim? Give 3 reasons with examples,True,False,False,12,8541,5,5,0.3333333333333333,0.9155385080075168,0.5833333333333333,0.5833333333333333,True,72.87,0,False,
experiments/runs/2026-03-05T02-25-03Z_meta_ingest_auto_t1_similarity_k12.json,2026-03-05T02-25-03Z_meta_ingest_auto_t1_similarity_k12,meta_ingest_auto_t1_similarity_k12,2026-03-05T02:25:03Z,,,db/chroma_db,,,,,,,db/chroma_db,similarity,12,False,q5,List Michael Scott’s serious girlfriends and how the relationships ended.,True,False,False,12,11617,5,6,0.4166666666666667,0.8848616689990428,0.5,0.5833333333333333,True,68.57,0,False,
experiments/runs/2026-03-05T02-25-03Z_meta_ingest_auto_t1_similarity_k12.json,2026-03-05T02-25-03Z_meta_ingest_auto_t1_similarity_k12,meta_ingest_auto_t1_similarity_k12,2026-03-05T02:25:03Z,,,db/chroma_db,,,,,,,db/chroma_db,similarity,12,False,q6,What is the teapot letter and why is it important?,True,False,True,12,10468,10,10,0.25,0.9599009323677093,0.16666666666666663,0.16666666666666663,False,86.11,2,True,False
experiments/runs/2026-03-05T02-25-03Z_meta_ingest_auto_t1_similarity_k12.json,2026-03-05T02-25-03Z_meta_ingest_auto_t1_similarity_k12,meta_ingest_auto_t1_similarity_k12,2026-03-05T02:25:03Z,,,db/chroma_db,,,,,,,db/chroma_db,similarity,12,False,q7,Who is Creed and what is his deal?,True,False,False,12,6540,8,8,0.25,0.9517961807358447,0.33333333333333337,0.33333333333333337,False,82.41,0,True,
experiments/runs/2026-03-05T02-27-45Z_meta_ingest_auto_baseline_similarity_k3.json,2026-03-05T02-27-45Z_meta_ingest_auto_baseline_similarity_k3,meta_ingest_auto_baseline_similarity_k3,2026-03-05T02:27:45Z,,,db/chroma_db,,,,,,,db/chroma_db,similarity,3,False,q1,Find the episode where Dwight says something like 'Bears. Beets. Battlestar Galactica.' What is the context?,True,False,True,3,2557,3,3,0.3333333333333333,0.9999999999999998,0.0,0.0,False,88.33,0,False,False
experiments/runs/2026-03-05T02-27-45Z_meta_ingest_auto_baseline_similarity_k3.json,2026-03-05T02-27-45Z_meta_ingest_auto_baseline_similarity_k3,meta_ingest_auto_baseline_similarity_k3,2026-03-05T02:27:45Z,,,db/chroma_db,,,,,,,db/chroma_db,similarity,3,False,q2,In what episode does Michael burn his foot?,True,False,True,3,1707,1,2,1.0,,0.33333333333333337,0.6666666666666667,False,6.67,0,False,False
experiments/runs/2026-03-05T02-27-45Z_meta_ingest_auto_baseline_similarity_k3.json,2026-03-05T02-27-45Z_meta_ingest_auto_baseline_similarity_k3,meta_ingest_auto_baseline_similarity_k3,2026-03-05T02:27:45Z,,,db/chroma_db,,,,,,,db/chroma_db,similarity,3,False,q3,Summarize season 2 of The Office.,True,False,True,3,422,3,3,0.3333333333333333,0.9999999999999998,0.0,0.0,True,88.33,0,False,
experiments/runs/2026-03-05T02-27-45Z_meta_ingest_auto_baseline_similarity_k3.json,2026-03-05T02-27-45Z_meta_ingest_auto_baseline_similarity_k3,meta_ingest_auto_baseline_similarity_k3,2026-03-05T02:27:45Z,,,db/chroma_db,,,,,,,db/chroma_db,similarity,3,False,q4,Why does Dwight dislike Jim? Give 3 reasons with examples,True,False,False,3,2265,3,3,0.3333333333333333,0.9999999999999998,0.0,0.0,True,88.33,0,False,
experiments/runs/2026-03-05T02-27-45Z_meta_ingest_auto_baseline_similarity_k3.json,2026-03-05T02-27-45Z_meta_ingest_auto_baseline_similarity_k3,meta_ingest_auto_baseline_similarity_k3,2026-03-05T02:27:45Z,,,db/chroma_db,,,,,,,db/chroma_db,similarity,3,False,q5,List Michael Scott’s serious girlfriends and how the relationships ended.,True,False,False,3,3344,2,2,0.6666666666666666,0.9182958340544894,0.33333333333333337,0.33333333333333337,True,66.32,0,False,
experiments/runs/2026-03-05T02-27-45Z_meta_ingest_auto_baseline_similarity_k3.json,2026-03-05T02-27-45Z_meta_ingest_auto_baseline_similarity_k3,meta_ingest_auto_baseline_similarity_k3,2026-03-05T02:27:45Z,,,db/chroma_db,,,,,,,db/chroma_db,similarity,3,False,q6,What is the teapot letter and why is it important?,True,True,False,3,3002,3,3,0.3333333333333333,0.9999999999999998,0.0,0.0,False,88.33,0,,True
experiments/runs/2026-03-05T02-27-45Z_meta_ingest_auto_baseline_similarity_k3.json,2026-03-05T02-27-45Z_meta_ingest_auto_baseline_similarity_k3,meta_ingest_auto_baseline_similarity_k3,2026-03-05T02:27:45Z,,,db/chroma_db,,,,,,,db/chroma_db,similarity,3,False,q7,Who is Creed and what is his deal?,True,False,False,3,1972,2,2,0.6666666666666666,0.9182958340544894,0.33333333333333337,0.33333333333333337,False,66.32,0,False,
experiments/runs/2026-03-05T02-28-05Z_meta_ingest_auto_t1_similarity_k12.json,2026-03-05T02-28-05Z_meta_ingest_auto_t1_similarity_k12,meta_ingest_auto_t1_similarity_k12,2026-03-05T02:28:05Z,,,db/chroma_db,,,,,,,db/chroma_db,similarity,12,False,q1,Find the episode where Dwight says something like 'Bears. Beets. Battlestar Galactica.' What is the context?,True,False,True,12,11838,11,11,0.16666666666666666,0.9881090915741209,0.08333333333333337,0.08333333333333337,False,91.96,0,False,False
experiments/runs/2026-03-05T02-28-05Z_meta_ingest_auto_t1_similarity_k12.json,2026-03-05T02-28-05Z_meta_ingest_auto_t1_similarity_k12,meta_ingest_auto_t1_similarity_k12,2026-03-05T02:28:05Z,,,db/chroma_db,,,,,,,db/chroma_db,similarity,12,False,q2,In what episode does Michael burn his foot?,True,False,True,12,9532,5,6,0.5833333333333334,0.766893743799275,0.5,0.5833333333333333,False,57.43,0,False,False
experiments/runs/2026-03-05T02-28-05Z_meta_ingest_auto_t1_similarity_k12.json,2026-03-05T02-28-05Z_meta_ingest_auto_t1_similarity_k12,meta_ingest_auto_t1_similarity_k12,2026-03-05T02:28:05Z,,,db/chroma_db,,,,,,,db/chroma_db,similarity,12,False,q3,Summarize season 2 of The Office.,True,False,True,12,5387,6,11,0.25,0.9756641375534825,0.08333333333333337,0.5,True,80.15,0,False,
experiments/runs/2026-03-05T02-28-05Z_meta_ingest_auto_t1_similarity_k12.json,2026-03-05T02-28-05Z_meta_ingest_auto_t1_similarity_k12,meta_ingest_auto_t1_similarity_k12,2026-03-05T02:28:05Z,,,db/chroma_db,,,,,,,db/chroma_db,similarity,12,False,q4,Why does Dwight dislike Jim? Give 3 reasons with examples,True,False,False,12,8541,5,5,0.3333333333333333,0.9155385080075168,0.5833333333333333,0.5833333333333333,True,72.87,0,False,
experiments/runs/2026-03-05T02-28-05Z_meta_ingest_auto_t1_similarity_k12.json,2026-03-05T02-28-05Z_meta_ingest_auto_t1_similarity_k12,meta_ingest_auto_t1_similarity_k12,2026-03-05T02:28:05Z,,,db/chroma_db,,,,,,,db/chroma_db,similarity,12,False,q5,List Michael Scott’s serious girlfriends and how the relationships ended.,True,False,False,12,11617,5,6,0.4166666666666667,0.8848616689990428,0.5,0.5833333333333333,True,68.57,0,False,
experiments/runs/2026-03-05T02-28-05Z_meta_ingest_auto_t1_similarity_k12.json,2026-03-05T02-28-05Z_meta_ingest_auto_t1_similarity_k12,meta_ingest_auto_t1_similarity_k12,2026-03-05T02:28:05Z,,,db/chroma_db,,,,,,,db/chroma_db,similarity,12,False,q6,What is the teapot letter and why is it important?,True,False,True,12,10468,10,10,0.25,0.9599009323677093,0.16666666666666663,0.16666666666666663,False,86.11,2,True,False
experiments/runs/2026-03-05T02-28-05Z_meta_ingest_auto_t1_similarity_k12.json,2026-03-05T02-28-05Z_meta_ingest_auto_t1_similarity_k12,meta_ingest_auto_t1_similarity_k12,2026-03-05T02:28:05Z,,,db/chroma_db,,,,,,,db/chroma_db,similarity,12,False,q7,Who is Creed and what is his deal?,True,False,False,12,6540,8,8,0.25,0.9517961807358447,0.33333333333333337,0.33333333333333337,False,82.41,0,False,
experiments/runs/2026-03-05T02-28-34Z_meta_ingest_auto_t2_mmr_k12_fetch40_l07_fixed.json,2026-03-05T02-28-34Z_meta_ingest_auto_t2_mmr_k12_fetch40_l07_fixed,meta_ingest_auto_t2_mmr_k12_fetch40_l07_fixed,2026-03-05T02:28:34Z,,,db/chroma_db,,,,,,,db/chroma_db,mmr,12,False,q1,Find the episode where Dwight says something like 'Bears. Beets. Battlestar Galactica.' What is the context?,True,False,True,12,11979,12,12,0.08333333333333333,1.0000000000000004,0.0,0.0,False,97.08,0,False,False
experiments/runs/2026-03-05T02-28-34Z_meta_ingest_auto_t2_mmr_k12_fetch40_l07_fixed.json,2026-03-05T02-28-34Z_meta_ingest_auto_t2_mmr_k12_fetch40_l07_fixed,meta_ingest_auto_t2_mmr_k12_fetch40_l07_fixed,2026-03-05T02:28:34Z,,,db/chroma_db,,,,,,,db/chroma_db,mmr,12,False,q2,In what episode does Michael burn his foot?,True,False,True,12,9532,5,6,0.5833333333333334,0.766893743799275,0.5,0.5833333333333333,False,57.43,0,False,False
experiments/runs/2026-03-05T02-28-34Z_meta_ingest_auto_t2_mmr_k12_fetch40_l07_fixed.json,2026-03-05T02-28-34Z_meta_ingest_auto_t2_mmr_k12_fetch40_l07_fixed,meta_ingest_auto_t2_mmr_k12_fetch40_l07_fixed,2026-03-05T02:28:34Z,,,db/chroma_db,,,,,,,db/chroma_db,mmr,12,False,q3,Summarize season 2 of The Office.,True,False,True,12,6076,6,11,0.25,0.9756641375534825,0.08333333333333337,0.5,True,80.15,0,False,
experiments/runs/2026-03-05T02-28-34Z_meta_ingest_auto_t2_mmr_k12_fetch40_l07_fixed.json,2026-03-05T02-28-34Z_meta_ingest_auto_t2_mmr_k12_fetch40_l07_fixed,meta_ingest_auto_t2_mmr_k12_fetch40_l07_fixed,2026-03-05T02:28:34Z,,,db/chroma_db,,,,,,,db/chroma_db,mmr,12,False,q4,Why does Dwight dislike Jim? Give 3 reasons with examples,True,False,False,12,8559,6,6,0.25,0.9269924126604479,0.5,0.5,True,77.96,0,False,
experiments/runs/2026-03-05T02-28-34Z_meta_ingest_auto_t2_mmr_k12_fetch40_l07_fixed.json,2026-03-05T02-28-34Z_meta_ingest_auto_t2_mmr_k12_fetch40_l07_fixed,meta_ingest_auto_t2_mmr_k12_fetch40_l07_fixed,2026-03-05T02:28:34Z,,,db/chroma_db,,,,,,,db/chroma_db,mmr,12,False,q5,List Michael Scott’s serious girlfriends and how the relationships ended.,True,False,False,12,10155,6,8,0.3333333333333333,0.9355245321275762,0.33333333333333337,0.5,True,75.43,0,False,
experiments/runs/2026-03-05T02-28-34Z_meta_ingest_auto_t2_mmr_k12_fetch40_l07_fixed.json,2026-03-05T02-28-34Z_meta_ingest_auto_t2_mmr_k12_fetch40_l07_fixed,meta_ingest_auto_t2_mmr_k12_fetch40_l07_fixed,2026-03-05T02:28:34Z,,,db/chroma_db,,,,,,,db/chroma_db,mmr,12,False,q6,What is the teapot letter and why is it important?,True,False,True,12,10620,11,11,0.16666666666666666,0.9881090915741209,0.08333333333333337,0.08333333333333337,False,91.96,1,True,False
experiments/runs/2026-03-05T02-28-34Z_meta_ingest_auto_t2_mmr_k12_fetch40_l07_fixed.json,2026-03-05T02-28-34Z_meta_ingest_auto_t2_mmr_k12_fetch40_l07_fixed,meta_ingest_auto_t2_mmr_k12_fetch40_l07_fixed,2026-03-05T02:28:34Z,,,db/chroma_db,,,,,,,db/chroma_db,mmr,12,False,q7,Who is Creed and what is his deal?,True,False,False,12,6540,8,8,0.25,0.9517961807358447,0.33333333333333337,0.33333333333333337,False,82.41,0,False,
experiments/runs/2026-03-05T02-29-02Z_meta_ingest_auto_scene_chunks_mmr_k12.json,2026-03-05T02-29-02Z_meta_ingest_auto_scene_chunks_mmr_k12,meta_ingest_auto_scene_chunks_mmr_k12,2026-03-05T02:29:02Z,,,db/chroma_db_scene,,,,,,,db/chroma_db_scene,mmr,12,False,q1,Find the episode where Dwight says something like 'Bears. Beets. Battlestar Galactica.' What is the context?,False,True,False,0,0,0,0,,,,,False,,0,,True
experiments/runs/2026-03-05T02-29-02Z_meta_ingest_auto_scene_chunks_mmr_k12.json,2026-03-05T02-29-02Z_meta_ingest_auto_scene_chunks_mmr_k12,meta_ingest_auto_scene_chunks_mmr_k12,2026-03-05T02:29:02Z,,,db/chroma_db_scene,,,,,,,db/chroma_db_scene,mmr,12,False,q2,In what episode does Michael burn his foot?,False,True,False,0,0,0,0,,,,,False,,0,,True
experiments/runs/2026-03-05T02-29-02Z_meta_ingest_auto_scene_chunks_mmr_k12.json,2026-03-05T02-29-02Z_meta_ingest_auto_scene_chunks_mmr_k12,meta_ingest_auto_scene_chunks_mmr_k12,2026-03-05T02:29:02Z,,,db/chroma_db_scene,,,,,,,db/chroma_db_scene,mmr,12,False,q3,Summarize season 2 of The Office.,False,True,False,0,0,0,0,,,,,True,,0,,
experiments/runs/2026-03-05T02-29-02Z_meta_ingest_auto_scene_chunks_mmr_k12.json,2026-03-05T02-29-02Z_meta_ingest_auto_scene_chunks_mmr_k12,meta_ingest_auto_scene_chunks_mmr_k12,2026-03-05T02:29:02Z,,,db/chroma_db_scene,,,,,,,db/chroma_db_scene,mmr,12,False,q4,Why does Dwight dislike Jim? Give 3 reasons with examples,False,True,False,0,0,0,0,,,,,True,,0,,
experiments/runs/2026-03-05T02-29-02Z_meta_ingest_auto_scene_chunks_mmr_k12.json,2026-03-05T02-29-02Z_meta_ingest_auto_scene_chunks_mmr_k12,meta_ingest_auto_scene_chunks_mmr_k12,2026-03-05T02:29:02Z,,,db/chroma_db_scene,,,,,,,db/chroma_db_scene,mmr,12,False,q5,List Michael Scott’s serious girlfriends and how the relationships ended.,False,True,False,0,0,0,0,,,,,True,,0,,
experiments/runs/2026-03-05T02-29-02Z_meta_ingest_auto_scene_chunks_mmr_k12.json,2026-03-05T02-29-02Z_meta_ingest_auto_scene_chunks_mmr_k12,meta_ingest_auto_scene_chunks_mmr_k12,2026-03-05T02:29:02Z,,,db/chroma_db_scene,,,,,,,db/chroma_db_scene,mmr,12,False,q6,What is the teapot letter and why is it important?,False,True,False,0,0,0,0,,,,,False,,0,,True
experiments/runs/2026-03-05T02-29-02Z_meta_ingest_auto_scene_chunks_mmr_k12.json,2026-03-05T02-29-02Z_meta_ingest_auto_scene_chunks_mmr_k12,meta_ingest_auto_scene_chunks_mmr_k12,2026-03-05T02:29:02Z,,,db/chroma_db_scene,,,,,,,db/chroma_db_scene,mmr,12,False,q7,Who is Creed and what is his deal?,False,True,False,0,0,0,0,,,,,False,,0,,
experiments/runs/2026-03-05T02-29-12Z_meta_ingest_auto_scene_chunks_similarity_k12.json,2026-03-05T02-29-12Z_meta_ingest_auto_scene_chunks_similarity_k12,meta_ingest_auto_scene_chunks_similarity_k12,2026-03-05T02:29:12Z,,,db/chroma_db_scene,,,,,,,db/chroma_db_scene,similarity,12,False,q1,Find the episode where Dwight says something like 'Bears. Beets. Battlestar Galactica.' What is the context?,False,True,False,0,0,0,0,,,,,False,,0,,True
experiments/runs/2026-03-05T02-29-12Z_meta_ingest_auto_scene_chunks_similarity_k12.json,2026-03-05T02-29-12Z_meta_ingest_auto_scene_chunks_similarity_k12,meta_ingest_auto_scene_chunks_similarity_k12,2026-03-05T02:29:12Z,,,db/chroma_db_scene,,,,,,,db/chroma_db_scene,similarity,12,False,q2,In what episode does Michael burn his foot?,False,True,False,0,0,0,0,,,,,False,,0,,True
experiments/runs/2026-03-05T02-29-12Z_meta_ingest_auto_scene_chunks_similarity_k12.json,2026-03-05T02-29-12Z_meta_ingest_auto_scene_chunks_similarity_k12,meta_ingest_auto_scene_chunks_similarity_k12,2026-03-05T02:29:12Z,,,db/chroma_db_scene,,,,,,,db/chroma_db_scene,similarity,12,False,q3,Summarize season 2 of The Office.,False,True,False,0,0,0,0,,,,,True,,0,,
experiments/runs/2026-03-05T02-29-12Z_meta_ingest_auto_scene_chunks_similarity_k12.json,2026-03-05T02-29-12Z_meta_ingest_auto_scene_chunks_similarity_k12,meta_ingest_auto_scene_chunks_similarity_k12,2026-03-05T02:29:12Z,,,db/chroma_db_scene,,,,,,,db/chroma_db_scene,similarity,12,False,q4,Why does Dwight dislike Jim? Give 3 reasons with examples,False,True,False,0,0,0,0,,,,,True,,0,,
experiments/runs/2026-03-05T02-29-12Z_meta_ingest_auto_scene_chunks_similarity_k12.json,2026-03-05T02-29-12Z_meta_ingest_auto_scene_chunks_similarity_k12,meta_ingest_auto_scene_chunks_similarity_k12,2026-03-05T02:29:12Z,,,db/chroma_db_scene,,,,,,,db/chroma_db_scene,similarity,12,False,q5,List Michael Scott’s serious girlfriends and how the relationships ended.,False,True,False,0,0,0,0,,,,,True,,0,,
experiments/runs/2026-03-05T02-29-12Z_meta_ingest_auto_scene_chunks_similarity_k12.json,2026-03-05T02-29-12Z_meta_ingest_auto_scene_chunks_similarity_k12,meta_ingest_auto_scene_chunks_similarity_k12,2026-03-05T02:29:12Z,,,db/chroma_db_scene,,,,,,,db/chroma_db_scene,similarity,12,False,q6,What is the teapot letter and why is it important?,False,True,False,0,0,0,0,,,,,False,,0,,True
experiments/runs/2026-03-05T02-29-12Z_meta_ingest_auto_scene_chunks_similarity_k12.json,2026-03-05T02-29-12Z_meta_ingest_auto_scene_chunks_similarity_k12,meta_ingest_auto_scene_chunks_similarity_k12,2026-03-05T02:29:12Z,,,db/chroma_db_scene,,,,,,,db/chroma_db_scene,similarity,12,False,q7,Who is Creed and what is his deal?,False,True,False,0,0,0,0,,,,,False,,0,,
experiments/runs/2026-03-05T02-29-21Z_meta_ingest_auto_scene_chunks_mmr_k12_fetch80_lambda09.json,2026-03-05T02-29-21Z_meta_ingest_auto_scene_chunks_mmr_k12_fetch80_lambda09,meta_ingest_auto_scene_chunks_mmr_k12_fetch80_lambda09,2026-03-05T02:29:21Z,,,db/chroma_db_scene,,,,,,,db/chroma_db_scene,mmr,12,False,q1,Find the episode where Dwight says something like 'Bears. Beets. Battlestar Galactica.' What is the context?,False,True,False,0,0,0,0,,,,,False,,0,,True
experiments/runs/2026-03-05T02-29-21Z_meta_ingest_auto_scene_chunks_mmr_k12_fetch80_lambda09.json,2026-03-05T02-29-21Z_meta_ingest_auto_scene_chunks_mmr_k12_fetch80_lambda09,meta_ingest_auto_scene_chunks_mmr_k12_fetch80_lambda09,2026-03-05T02:29:21Z,,,db/chroma_db_scene,,,,,,,db/chroma_db_scene,mmr,12,False,q2,In what episode does Michael burn his foot?,False,True,False,0,0,0,0,,,,,False,,0,,True
experiments/runs/2026-03-05T02-29-21Z_meta_ingest_auto_scene_chunks_mmr_k12_fetch80_lambda09.json,2026-03-05T02-29-21Z_meta_ingest_auto_scene_chunks_mmr_k12_fetch80_lambda09,meta_ingest_auto_scene_chunks_mmr_k12_fetch80_lambda09,2026-03-05T02:29:21Z,,,db/chroma_db_scene,,,,,,,db/chroma_db_scene,mmr,12,False,q3,Summarize season 2 of The Office.,False,True,False,0,0,0,0,,,,,True,,0,,
experiments/runs/2026-03-05T02-29-21Z_meta_ingest_auto_scene_chunks_mmr_k12_fetch80_lambda09.json,2026-03-05T02-29-21Z_meta_ingest_auto_scene_chunks_mmr_k12_fetch80_lambda09,meta_ingest_auto_scene_chunks_mmr_k12_fetch80_lambda09,2026-03-05T02:29:21Z,,,db/chroma_db_scene,,,,,,,db/chroma_db_scene,mmr,12,False,q4,Why does Dwight dislike Jim? Give 3 reasons with examples,False,True,False,0,0,0,0,,,,,True,,0,,
experiments/runs/2026-03-05T02-29-21Z_meta_ingest_auto_scene_chunks_mmr_k12_fetch80_lambda09.json,2026-03-05T02-29-21Z_meta_ingest_auto_scene_chunks_mmr_k12_fetch80_lambda09,meta_ingest_auto_scene_chunks_mmr_k12_fetch80_lambda09,2026-03-05T02:29:21Z,,,db/chroma_db_scene,,,,,,,db/chroma_db_scene,mmr,12,False,q5,List Michael Scott’s serious girlfriends and how the relationships ended.,False,True,False,0,0,0,0,,,,,True,,0,,
experiments/runs/2026-03-05T02-29-21Z_meta_ingest_auto_scene_chunks_mmr_k12_fetch80_lambda09.json,2026-03-05T02-29-21Z_meta_ingest_auto_scene_chunks_mmr_k12_fetch80_lambda09,meta_ingest_auto_scene_chunks_mmr_k12_fetch80_lambda09,2026-03-05T02:29:21Z,,,db/chroma_db_scene,,,,,,,db/chroma_db_scene,mmr,12,False,q6,What is the teapot letter and why is it important?,False,True,False,0,0,0,0,,,,,False,,0,,True
experiments/runs/2026-03-05T02-29-21Z_meta_ingest_auto_scene_chunks_mmr_k12_fetch80_lambda09.json,2026-03-05T02-29-21Z_meta_ingest_auto_scene_chunks_mmr_k12_fetch80_lambda09,meta_ingest_auto_scene_chunks_mmr_k12_fetch80_lambda09,2026-03-05T02:29:21Z,,,db/chroma_db_scene,,,,,,,db/chroma_db_scene,mmr,12,False,q7,Who is Creed and what is his deal?,False,True,False,0,0,0,0,,,,,False,,0,,
experiments/runs/2026-03-05T02-29-29Z_meta_ingest_auto_scene_chunks_mmr_k12_fetch80_lambda09_w1.json,2026-03-05T02-29-29Z_meta_ingest_auto_scene_chunks_mmr_k12_fetch80_lambda09_w1,meta_ingest_auto_scene_chunks_mmr_k12_fetch80_lambda09_w1,2026-03-05T02:29:29Z,,,db/chroma_db_scene_w1,,,,,,,db/chroma_db_scene_w1,mmr,12,False,q1,Find the episode where Dwight says something like 'Bears. Beets. Battlestar Galactica.' What is the context?,False,True,False,0,0,0,0,,,,,False,,0,,True
experiments/runs/2026-03-05T02-29-29Z_meta_ingest_auto_scene_chunks_mmr_k12_fetch80_lambda09_w1.json,2026-03-05T02-29-29Z_meta_ingest_auto_scene_chunks_mmr_k12_fetch80_lambda09_w1,meta_ingest_auto_scene_chunks_mmr_k12_fetch80_lambda09_w1,2026-03-05T02:29:29Z,,,db/chroma_db_scene_w1,,,,,,,db/chroma_db_scene_w1,mmr,12,False,q2,In what episode does Michael burn his foot?,False,True,False,0,0,0,0,,,,,False,,0,,True
experiments/runs/2026-03-05T02-29-29Z_meta_ingest_auto_scene_chunks_mmr_k12_fetch80_lambda09_w1.json,2026-03-05T02-29-29Z_meta_ingest_auto_scene_chunks_mmr_k12_fetch80_lambda09_w1,meta_ingest_auto_scene_chunks_mmr_k12_fetch80_lambda09_w1,2026-03-05T02:29:29Z,,,db/chroma_db_scene_w1,,,,,,,db/chroma_db_scene_w1,mmr,12,False,q3,Summarize season 2 of The Office.,False,True,False,0,0,0,0,,,,,True,,0,,
experiments/runs/2026-03-05T02-29-29Z_meta_ingest_auto_scene_chunks_mmr_k12_fetch80_lambda09_w1.json,2026-03-05T02-29-29Z_meta_ingest_auto_scene_chunks_mmr_k12_fetch80_lambda09_w1,meta_ingest_auto_scene_chunks_mmr_k12_fetch80_lambda09_w1,2026-03-05T02:29:29Z,,,db/chroma_db_scene_w1,,,,,,,db/chroma_db_scene_w1,mmr,12,False,q4,Why does Dwight dislike Jim? Give 3 reasons with examples,False,True,False,0,0,0,0,,,,,True,,0,,
experiments/runs/2026-03-05T02-29-29Z_meta_ingest_auto_scene_chunks_mmr_k12_fetch80_lambda09_w1.json,2026-03-05T02-29-29Z_meta_ingest_auto_scene_chunks_mmr_k12_fetch80_lambda09_w1,meta_ingest_auto_scene_chunks_mmr_k12_fetch80_lambda09_w1,2026-03-05T02:29:29Z,,,db/chroma_db_scene_w1,,,,,,,db/chroma_db_scene_w1,mmr,12,False,q5,List Michael Scott’s serious girlfriends and how the relationships ended.,False,True,False,0,0,0,0,,,,,True,,0,,
experiments/runs/2026-03-05T02-29-29Z_meta_ingest_auto_scene_chunks_mmr_k12_fetch80_lambda09_w1.json,2026-03-05T02-29-29Z_meta_ingest_auto_scene_chunks_mmr_k12_fetch80_lambda09_w1,meta_ingest_auto_scene_chunks_mmr_k12_fetch80_lambda09_w1,2026-03-05T02:29:29Z,,,db/chroma_db_scene_w1,,,,,,,db/chroma_db_scene_w1,mmr,12,False,q6,What is the teapot letter and why is it important?,False,True,False,0,0,0,0,,,,,False,,0,,True
experiments/runs/2026-03-05T02-29-29Z_meta_ingest_auto_scene_chunks_mmr_k12_fetch80_lambda09_w1.json,2026-03-05T02-29-29Z_meta_ingest_auto_scene_chunks_mmr_k12_fetch80_lambda09_w1,meta_ingest_auto_scene_chunks_mmr_k12_fetch80_lambda09_w1,2026-03-05T02:29:29Z,,,db/chroma_db_scene_w1,,,,,,,db/chroma_db_scene_w1,mmr,12,False,q7,Who is Creed and what is his deal?,False,True,False,0,0,0,0,,,,,False,,0,,
experiments/runs/2026-03-05T02-29-38Z_meta_ingest_auto_qe_rrf_similarity_k12.json,2026-03-05T02-29-38Z_meta_ingest_auto_qe_rrf_similarity_k12,meta_ingest_auto_qe_rrf_similarity_k12,2026-03-05T02:29:38Z,,,db/chroma_db,,,,,,,db/chroma_db,similarity,12,True,q1,Find the episode where Dwight says something like 'Bears. Beets. Battlestar Galactica.' What is the context?,True,False,True,12,10299,9,9,0.25,0.9533522741071694,0.25,0.25,False,84.15,0,False,False
experiments/runs/2026-03-05T02-29-38Z_meta_ingest_auto_qe_rrf_similarity_k12.json,2026-03-05T02-29-38Z_meta_ingest_auto_qe_rrf_similarity_k12,meta_ingest_auto_qe_rrf_similarity_k12,2026-03-05T02:29:38Z,,,db/chroma_db,,,,,,,db/chroma_db,similarity,12,True,q2,In what episode does Michael burn his foot?,True,False,True,9,8358,3,4,0.6666666666666666,0.7725068857142601,0.5555555555555556,0.6666666666666667,False,53.1,0,False,False
experiments/runs/2026-03-05T02-29-38Z_meta_ingest_auto_qe_rrf_similarity_k12.json,2026-03-05T02-29-38Z_meta_ingest_auto_qe_rrf_similarity_k12,meta_ingest_auto_qe_rrf_similarity_k12,2026-03-05T02:29:38Z,,,db/chroma_db,,,,,,,db/chroma_db,similarity,12,True,q3,Summarize season 2 of The Office.,True,False,True,12,3783,10,11,0.16666666666666666,0.9788379141596312,0.08333333333333337,0.16666666666666663,True,89.88,0,False,
experiments/runs/2026-03-05T02-29-38Z_meta_ingest_auto_qe_rrf_similarity_k12.json,2026-03-05T02-29-38Z_meta_ingest_auto_qe_rrf_similarity_k12,meta_ingest_auto_qe_rrf_similarity_k12,2026-03-05T02:29:38Z,,,db/chroma_db,,,,,,,db/chroma_db,similarity,12,True,q4,Why does Dwight dislike Jim? Give 3 reasons with examples,True,False,False,12,10317,11,11,0.16666666666666666,0.9881090915741209,0.08333333333333337,0.08333333333333337,True,91.96,0,False,
experiments/runs/2026-03-05T02-29-38Z_meta_ingest_auto_qe_rrf_similarity_k12.json,2026-03-05T02-29-38Z_meta_ingest_auto_qe_rrf_similarity_k12,meta_ingest_auto_qe_rrf_similarity_k12,2026-03-05T02:29:38Z,,,db/chroma_db,,,,,,,db/chroma_db,similarity,12,True,q5,List Michael Scott’s serious girlfriends and how the relationships ended.,True,False,False,12,13274,6,7,0.3333333333333333,0.8710490642551529,0.41666666666666663,0.5,True,72.53,0,False,
experiments/runs/2026-03-05T02-29-38Z_meta_ingest_auto_qe_rrf_similarity_k12.json,2026-03-05T02-29-38Z_meta_ingest_auto_qe_rrf_similarity_k12,meta_ingest_auto_qe_rrf_similarity_k12,2026-03-05T02:29:38Z,,,db/chroma_db,,,,,,,db/chroma_db,similarity,12,True,q6,What is the teapot letter and why is it important?,True,False,False,12,10338,11,11,0.16666666666666666,0.9881090915741209,0.08333333333333337,0.08333333333333337,False,91.96,0,False,False
experiments/runs/2026-03-05T02-29-38Z_meta_ingest_auto_qe_rrf_similarity_k12.json,2026-03-05T02-29-38Z_meta_ingest_auto_qe_rrf_similarity_k12,meta_ingest_auto_qe_rrf_similarity_k12,2026-03-05T02:29:38Z,,,db/chroma_db,,,,,,,db/chroma_db,similarity,12,True,q7,Who is Creed and what is his deal?,True,False,False,12,7977,9,9,0.16666666666666666,0.9731973151785932,0.25,0.25,False,87.96,0,False,
experiments/runs/2026-03-05T02-30-15Z_meta_ingest_auto_qe_rrf_mmr_k12.json,2026-03-05T02-30-15Z_meta_ingest_auto_qe_rrf_mmr_k12,meta_ingest_auto_qe_rrf_mmr_k12,2026-03-05T02:30:15Z,,,db/chroma_db,,,,,,,db/chroma_db,mmr,12,True,q1,Find the episode where Dwight says something like 'Bears. Beets. Battlestar Galactica.' What is the context?,True,False,True,12,10299,9,9,0.25,0.9533522741071694,0.25,0.25,False,84.15,0,False,False
experiments/runs/2026-03-05T02-30-15Z_meta_ingest_auto_qe_rrf_mmr_k12.json,2026-03-05T02-30-15Z_meta_ingest_auto_qe_rrf_mmr_k12,meta_ingest_auto_qe_rrf_mmr_k12,2026-03-05T02:30:15Z,,,db/chroma_db,,,,,,,db/chroma_db,mmr,12,True,q2,In what episode does Michael burn his foot?,True,False,True,9,8358,3,4,0.6666666666666666,0.7725068857142601,0.5555555555555556,0.6666666666666667,False,53.1,0,False,False
experiments/runs/2026-03-05T02-30-15Z_meta_ingest_auto_qe_rrf_mmr_k12.json,2026-03-05T02-30-15Z_meta_ingest_auto_qe_rrf_mmr_k12,meta_ingest_auto_qe_rrf_mmr_k12,2026-03-05T02:30:15Z,,,db/chroma_db,,,,,,,db/chroma_db,mmr,12,True,q3,Summarize season 2 of The Office.,True,False,True,12,3055,11,11,0.16666666666666666,0.9881090915741209,0.08333333333333337,0.08333333333333337,True,91.96,0,False,
experiments/runs/2026-03-05T02-30-15Z_meta_ingest_auto_qe_rrf_mmr_k12.json,2026-03-05T02-30-15Z_meta_ingest_auto_qe_rrf_mmr_k12,meta_ingest_auto_qe_rrf_mmr_k12,2026-03-05T02:30:15Z,,,db/chroma_db,,,,,,,db/chroma_db,mmr,12,True,q4,Why does Dwight dislike Jim? Give 3 reasons with examples,True,False,False,12,10057,10,10,0.16666666666666666,0.9788379141596313,0.16666666666666663,0.16666666666666663,True,89.88,0,False,
experiments/runs/2026-03-05T02-30-15Z_meta_ingest_auto_qe_rrf_mmr_k12.json,2026-03-05T02-30-15Z_meta_ingest_auto_qe_rrf_mmr_k12,meta_ingest_auto_qe_rrf_mmr_k12,2026-03-05T02:30:15Z,,,db/chroma_db,,,,,,,db/chroma_db,mmr,12,True,q5,List Michael Scott’s serious girlfriends and how the relationships ended.,True,False,False,12,13275,8,9,0.25,0.9517961807358449,0.25,0.33333333333333337,True,82.41,0,False,
experiments/runs/2026-03-05T02-30-15Z_meta_ingest_auto_qe_rrf_mmr_k12.json,2026-03-05T02-30-15Z_meta_ingest_auto_qe_rrf_mmr_k12,meta_ingest_auto_qe_rrf_mmr_k12,2026-03-05T02:30:15Z,,,db/chroma_db,,,,,,,db/chroma_db,mmr,12,True,q6,What is the teapot letter and why is it important?,True,False,False,12,10338,11,11,0.16666666666666666,0.9881090915741209,0.08333333333333337,0.08333333333333337,False,91.96,0,True,False
experiments/runs/2026-03-05T02-30-15Z_meta_ingest_auto_qe_rrf_mmr_k12.json,2026-03-05T02-30-15Z_meta_ingest_auto_qe_rrf_mmr_k12,meta_ingest_auto_qe_rrf_mmr_k12,2026-03-05T02:30:15Z,,,db/chroma_db,,,,,,,db/chroma_db,mmr,12,True,q7,Who is Creed and what is his deal?,True,False,False,12,7977,9,9,0.16666666666666666,0.9731973151785932,0.25,0.25,False,87.96,0,False,
experiments/runs/2026-03-05T02-31-08Z_meta_ingest_auto_meta_qe_rrf_mmr_k12.json,2026-03-05T02-31-08Z_meta_ingest_auto_meta_qe_rrf_mmr_k12,meta_ingest_auto_meta_qe_rrf_mmr_k12,2026-03-05T02:31:08Z,,,db/chroma_db_meta,,,,,,,db/chroma_db_meta,mmr,12,True,q1,Find the episode where Dwight says something like 'Bears. Beets. Battlestar Galactica.' What is the context?,True,False,True,12,9960,10,10,0.16666666666666666,0.9788379141596312,0.16666666666666663,0.16666666666666663,False,89.88,0,False,False
experiments/runs/2026-03-05T02-31-08Z_meta_ingest_auto_meta_qe_rrf_mmr_k12.json,2026-03-05T02-31-08Z_meta_ingest_auto_meta_qe_rrf_mmr_k12,meta_ingest_auto_meta_qe_rrf_mmr_k12,2026-03-05T02:31:08Z,,,db/chroma_db_meta,,,,,,,db/chroma_db_meta,mmr,12,True,q2,In what episode does Michael burn his foot?,True,False,True,9,8358,3,4,0.6666666666666666,0.7725068857142601,0.5555555555555556,0.6666666666666667,False,53.1,0,False,False
experiments/runs/2026-03-05T02-31-08Z_meta_ingest_auto_meta_qe_rrf_mmr_k12.json,2026-03-05T02-31-08Z_meta_ingest_auto_meta_qe_rrf_mmr_k12,meta_ingest_auto_meta_qe_rrf_mmr_k12,2026-03-05T02:31:08Z,,,db/chroma_db_meta,,,,,,,db/chroma_db_meta,mmr,12,True,q3,Summarize season 2 of The Office.,True,False,True,12,3055,11,11,0.16666666666666666,0.9881090915741209,0.08333333333333337,0.08333333333333337,True,91.96,0,False,
experiments/runs/2026-03-05T02-31-08Z_meta_ingest_auto_meta_qe_rrf_mmr_k12.json,2026-03-05T02-31-08Z_meta_ingest_auto_meta_qe_rrf_mmr_k12,meta_ingest_auto_meta_qe_rrf_mmr_k12,2026-03-05T02:31:08Z,,,db/chroma_db_meta,,,,,,,db/chroma_db_meta,mmr,12,True,q4,Why does Dwight dislike Jim? Give 3 reasons with examples,True,False,False,12,10057,10,10,0.16666666666666666,0.9788379141596313,0.16666666666666663,0.16666666666666663,True,89.88,0,False,
experiments/runs/2026-03-05T02-31-08Z_meta_ingest_auto_meta_qe_rrf_mmr_k12.json,2026-03-05T02-31-08Z_meta_ingest_auto_meta_qe_rrf_mmr_k12,meta_ingest_auto_meta_qe_rrf_mmr_k12,2026-03-05T02:31:08Z,,,db/chroma_db_meta,,,,,,,db/chroma_db_meta,mmr,12,True,q5,List Michael Scott’s serious girlfriends and how the relationships ended.,True,False,False,12,13275,8,9,0.25,0.9517961807358449,0.25,0.33333333333333337,True,82.41,0,False,
experiments/runs/2026-03-05T02-31-08Z_meta_ingest_auto_meta_qe_rrf_mmr_k12.json,2026-03-05T02-31-08Z_meta_ingest_auto_meta_qe_rrf_mmr_k12,meta_ingest_auto_meta_qe_rrf_mmr_k12,2026-03-05T02:31:08Z,,,db/chroma_db_meta,,,,,,,db/chroma_db_meta,mmr,12,True,q6,What is the teapot letter and why is it important?,True,False,False,12,11020,12,12,0.08333333333333333,1.0000000000000004,0.0,0.0,False,97.08,0,False,False
experiments/runs/2026-03-05T02-31-08Z_meta_ingest_auto_meta_qe_rrf_mmr_k12.json,2026-03-05T02-31-08Z_meta_ingest_auto_meta_qe_rrf_mmr_k12,meta_ingest_auto_meta_qe_rrf_mmr_k12,2026-03-05T02:31:08Z,,,db/chroma_db_meta,,,,,,,db/chroma_db_meta,mmr,12,True,q7,Who is Creed and what is his deal?,True,False,True,12,7977,9,9,0.16666666666666666,0.9731973151785932,0.25,0.25,False,87.96,0,False,
experiments/runs/2026-03-05T02-32-57Z_meta_ingest_blended_baseline_similarity_k3.json,2026-03-05T02-32-57Z_meta_ingest_blended_baseline_similarity_k3,meta_ingest_blended_baseline_similarity_k3,2026-03-05T02:32:57Z,,,db/chroma_db,,,,,,,db/chroma_db,similarity,3,False,q1,Find the episode where Dwight says something like 'Bears. Beets. Battlestar Galactica.' What is the context?,True,False,True,3,2557,3,3,0.3333333333333333,0.9999999999999998,0.0,0.0,False,88.33,0,False,False
experiments/runs/2026-03-05T02-32-57Z_meta_ingest_blended_baseline_similarity_k3.json,2026-03-05T02-32-57Z_meta_ingest_blended_baseline_similarity_k3,meta_ingest_blended_baseline_similarity_k3,2026-03-05T02:32:57Z,,,db/chroma_db,,,,,,,db/chroma_db,similarity,3,False,q2,In what episode does Michael burn his foot?,True,False,True,3,1707,1,2,1.0,,0.33333333333333337,0.6666666666666667,False,6.67,0,False,False
experiments/runs/2026-03-05T02-32-57Z_meta_ingest_blended_baseline_similarity_k3.json,2026-03-05T02-32-57Z_meta_ingest_blended_baseline_similarity_k3,meta_ingest_blended_baseline_similarity_k3,2026-03-05T02:32:57Z,,,db/chroma_db,,,,,,,db/chroma_db,similarity,3,False,q3,Summarize season 2 of The Office.,True,False,True,3,270,3,3,0.3333333333333333,0.9999999999999998,0.0,0.0,True,88.33,0,False,
experiments/runs/2026-03-05T02-32-57Z_meta_ingest_blended_baseline_similarity_k3.json,2026-03-05T02-32-57Z_meta_ingest_blended_baseline_similarity_k3,meta_ingest_blended_baseline_similarity_k3,2026-03-05T02:32:57Z,,,db/chroma_db,,,,,,,db/chroma_db,similarity,3,False,q4,Why does Dwight dislike Jim? Give 3 reasons with examples,True,False,False,3,3526,3,3,0.3333333333333333,0.9999999999999998,0.0,0.0,True,88.33,0,False,
experiments/runs/2026-03-05T02-32-57Z_meta_ingest_blended_baseline_similarity_k3.json,2026-03-05T02-32-57Z_meta_ingest_blended_baseline_similarity_k3,meta_ingest_blended_baseline_similarity_k3,2026-03-05T02:32:57Z,,,db/chroma_db,,,,,,,db/chroma_db,similarity,3,False,q5,List Michael Scott’s serious girlfriends and how the relationships ended.,True,False,False,3,3838,3,3,0.3333333333333333,0.9999999999999998,0.0,0.0,True,88.33,0,False,
experiments/runs/2026-03-05T02-32-57Z_meta_ingest_blended_baseline_similarity_k3.json,2026-03-05T02-32-57Z_meta_ingest_blended_baseline_similarity_k3,meta_ingest_blended_baseline_similarity_k3,2026-03-05T02:32:57Z,,,db/chroma_db,,,,,,,db/chroma_db,similarity,3,False,q6,What is the teapot letter and why is it important?,True,True,False,3,3002,3,3,0.3333333333333333,0.9999999999999998,0.0,0.0,False,88.33,0,,True
experiments/runs/2026-03-05T02-32-57Z_meta_ingest_blended_baseline_similarity_k3.json,2026-03-05T02-32-57Z_meta_ingest_blended_baseline_similarity_k3,meta_ingest_blended_baseline_similarity_k3,2026-03-05T02:32:57Z,,,db/chroma_db,,,,,,,db/chroma_db,similarity,3,False,q7,Who is Creed and what is his deal?,True,False,False,3,1972,2,2,0.6666666666666666,0.9182958340544894,0.33333333333333337,0.33333333333333337,False,66.32,0,False,
experiments/runs/2026-03-05T02-33-16Z_meta_ingest_blended_t1_similarity_k12.json,2026-03-05T02-33-16Z_meta_ingest_blended_t1_similarity_k12,meta_ingest_blended_t1_similarity_k12,2026-03-05T02:33:16Z,,,db/chroma_db,,,,,,,db/chroma_db,similarity,12,False,q1,Find the episode where Dwight says something like 'Bears. Beets. Battlestar Galactica.' What is the context?,True,False,True,12,11838,11,11,0.16666666666666666,0.9881090915741209,0.08333333333333337,0.08333333333333337,False,91.96,0,False,False
experiments/runs/2026-03-05T02-33-16Z_meta_ingest_blended_t1_similarity_k12.json,2026-03-05T02-33-16Z_meta_ingest_blended_t1_similarity_k12,meta_ingest_blended_t1_similarity_k12,2026-03-05T02:33:16Z,,,db/chroma_db,,,,,,,db/chroma_db,similarity,12,False,q2,In what episode does Michael burn his foot?,True,False,True,12,9532,5,6,0.5833333333333334,0.766893743799275,0.5,0.5833333333333333,False,57.43,0,False,False
experiments/runs/2026-03-05T02-33-16Z_meta_ingest_blended_t1_similarity_k12.json,2026-03-05T02-33-16Z_meta_ingest_blended_t1_similarity_k12,meta_ingest_blended_t1_similarity_k12,2026-03-05T02:33:16Z,,,db/chroma_db,,,,,,,db/chroma_db,similarity,12,False,q3,Summarize season 2 of The Office.,True,False,True,12,2837,11,12,0.16666666666666666,0.9881090915741209,0.0,0.08333333333333337,True,91.96,0,False,
experiments/runs/2026-03-05T02-33-16Z_meta_ingest_blended_t1_similarity_k12.json,2026-03-05T02-33-16Z_meta_ingest_blended_t1_similarity_k12,meta_ingest_blended_t1_similarity_k12,2026-03-05T02:33:16Z,,,db/chroma_db,,,,,,,db/chroma_db,similarity,12,False,q4,Why does Dwight dislike Jim? Give 3 reasons with examples,True,False,False,12,10902,9,9,0.25,0.9533522741071694,0.25,0.25,True,84.15,0,False,
experiments/runs/2026-03-05T02-33-16Z_meta_ingest_blended_t1_similarity_k12.json,2026-03-05T02-33-16Z_meta_ingest_blended_t1_similarity_k12,meta_ingest_blended_t1_similarity_k12,2026-03-05T02:33:16Z,,,db/chroma_db,,,,,,,db/chroma_db,similarity,12,False,q5,List Michael Scott’s serious girlfriends and how the relationships ended.,True,False,True,12,14160,10,11,0.16666666666666666,0.9788379141596312,0.08333333333333337,0.16666666666666663,True,89.88,0,True,
experiments/runs/2026-03-05T02-33-16Z_meta_ingest_blended_t1_similarity_k12.json,2026-03-05T02-33-16Z_meta_ingest_blended_t1_similarity_k12,meta_ingest_blended_t1_similarity_k12,2026-03-05T02:33:16Z,,,db/chroma_db,,,,,,,db/chroma_db,similarity,12,False,q6,What is the teapot letter and why is it important?,True,False,True,12,10468,10,10,0.25,0.9599009323677093,0.16666666666666663,0.16666666666666663,False,86.11,2,True,False
experiments/runs/2026-03-05T02-33-16Z_meta_ingest_blended_t1_similarity_k12.json,2026-03-05T02-33-16Z_meta_ingest_blended_t1_similarity_k12,meta_ingest_blended_t1_similarity_k12,2026-03-05T02:33:16Z,,,db/chroma_db,,,,,,,db/chroma_db,similarity,12,False,q7,Who is Creed and what is his deal?,True,False,False,12,6540,8,8,0.25,0.9517961807358447,0.33333333333333337,0.33333333333333337,False,82.41,0,False,
experiments/runs/2026-03-05T02-33-46Z_meta_ingest_blended_t2_mmr_k12_fetch40_l07_fixed.json,2026-03-05T02-33-46Z_meta_ingest_blended_t2_mmr_k12_fetch40_l07_fixed,meta_ingest_blended_t2_mmr_k12_fetch40_l07_fixed,2026-03-05T02:33:46Z,,,db/chroma_db,,,,,,,db/chroma_db,mmr,12,False,q1,Find the episode where Dwight says something like 'Bears. Beets. Battlestar Galactica.' What is the context?,True,False,True,12,11979,12,12,0.08333333333333333,1.0000000000000004,0.0,0.0,False,97.08,0,False,False
experiments/runs/2026-03-05T02-33-46Z_meta_ingest_blended_t2_mmr_k12_fetch40_l07_fixed.json,2026-03-05T02-33-46Z_meta_ingest_blended_t2_mmr_k12_fetch40_l07_fixed,meta_ingest_blended_t2_mmr_k12_fetch40_l07_fixed,2026-03-05T02:33:46Z,,,db/chroma_db,,,,,,,db/chroma_db,mmr,12,False,q2,In what episode does Michael burn his foot?,True,False,True,12,9532,5,6,0.5833333333333334,0.766893743799275,0.5,0.5833333333333333,False,57.43,0,False,False
experiments/runs/2026-03-05T02-33-46Z_meta_ingest_blended_t2_mmr_k12_fetch40_l07_fixed.json,2026-03-05T02-33-46Z_meta_ingest_blended_t2_mmr_k12_fetch40_l07_fixed,meta_ingest_blended_t2_mmr_k12_fetch40_l07_fixed,2026-03-05T02:33:46Z,,,db/chroma_db,,,,,,,db/chroma_db,mmr,12,False,q3,Summarize season 2 of The Office.,True,False,True,12,2837,11,12,0.16666666666666666,0.9881090915741209,0.0,0.08333333333333337,True,91.96,0,False,
experiments/runs/2026-03-05T02-33-46Z_meta_ingest_blended_t2_mmr_k12_fetch40_l07_fixed.json,2026-03-05T02-33-46Z_meta_ingest_blended_t2_mmr_k12_fetch40_l07_fixed,meta_ingest_blended_t2_mmr_k12_fetch40_l07_fixed,2026-03-05T02:33:46Z,,,db/chroma_db,,,,,,,db/chroma_db,mmr,12,False,q4,Why does Dwight dislike Jim? Give 3 reasons with examples,True,False,False,12,10902,9,9,0.25,0.9533522741071694,0.25,0.25,True,84.15,0,False,
experiments/runs/2026-03-05T02-33-46Z_meta_ingest_blended_t2_mmr_k12_fetch40_l07_fixed.json,2026-03-05T02-33-46Z_meta_ingest_blended_t2_mmr_k12_fetch40_l07_fixed,meta_ingest_blended_t2_mmr_k12_fetch40_l07_fixed,2026-03-05T02:33:46Z,,,db/chroma_db,,,,,,,db/chroma_db,mmr,12,False,q5,List Michael Scott’s serious girlfriends and how the relationships ended.,True,False,True,12,14160,10,11,0.16666666666666666,0.9788379141596312,0.08333333333333337,0.16666666666666663,True,89.88,0,False,
experiments/runs/2026-03-05T02-33-46Z_meta_ingest_blended_t2_mmr_k12_fetch40_l07_fixed.json,2026-03-05T02-33-46Z_meta_ingest_blended_t2_mmr_k12_fetch40_l07_fixed,meta_ingest_blended_t2_mmr_k12_fetch40_l07_fixed,2026-03-05T02:33:46Z,,,db/chroma_db,,,,,,,db/chroma_db,mmr,12,False,q6,What is the teapot letter and why is it important?,True,False,True,12,10620,11,11,0.16666666666666666,0.9881090915741209,0.08333333333333337,0.08333333333333337,False,91.96,1,True,False
experiments/runs/2026-03-05T02-33-46Z_meta_ingest_blended_t2_mmr_k12_fetch40_l07_fixed.json,2026-03-05T02-33-46Z_meta_ingest_blended_t2_mmr_k12_fetch40_l07_fixed,meta_ingest_blended_t2_mmr_k12_fetch40_l07_fixed,2026-03-05T02:33:46Z,,,db/chroma_db,,,,,,,db/chroma_db,mmr,12,False,q7,Who is Creed and what is his deal?,True,False,False,12,6540,8,8,0.25,0.9517961807358447,0.33333333333333337,0.33333333333333337,False,82.41,0,False,
experiments/runs/2026-03-05T02-34-16Z_meta_ingest_blended_scene_chunks_mmr_k12.json,2026-03-05T02-34-16Z_meta_ingest_blended_scene_chunks_mmr_k12,meta_ingest_blended_scene_chunks_mmr_k12,2026-03-05T02:34:16Z,,,db/chroma_db_scene,,,,,,,db/chroma_db_scene,mmr,12,False,q1,Find the episode where Dwight says something like 'Bears. Beets. Battlestar Galactica.' What is the context?,False,True,False,0,0,0,0,,,,,False,,0,,True
experiments/runs/2026-03-05T02-34-16Z_meta_ingest_blended_scene_chunks_mmr_k12.json,2026-03-05T02-34-16Z_meta_ingest_blended_scene_chunks_mmr_k12,meta_ingest_blended_scene_chunks_mmr_k12,2026-03-05T02:34:16Z,,,db/chroma_db_scene,,,,,,,db/chroma_db_scene,mmr,12,False,q2,In what episode does Michael burn his foot?,False,True,False,0,0,0,0,,,,,False,,0,,True
experiments/runs/2026-03-05T02-34-16Z_meta_ingest_blended_scene_chunks_mmr_k12.json,2026-03-05T02-34-16Z_meta_ingest_blended_scene_chunks_mmr_k12,meta_ingest_blended_scene_chunks_mmr_k12,2026-03-05T02:34:16Z,,,db/chroma_db_scene,,,,,,,db/chroma_db_scene,mmr,12,False,q3,Summarize season 2 of The Office.,False,True,False,0,0,0,0,,,,,True,,0,,
experiments/runs/2026-03-05T02-34-16Z_meta_ingest_blended_scene_chunks_mmr_k12.json,2026-03-05T02-34-16Z_meta_ingest_blended_scene_chunks_mmr_k12,meta_ingest_blended_scene_chunks_mmr_k12,2026-03-05T02:34:16Z,,,db/chroma_db_scene,,,,,,,db/chroma_db_scene,mmr,12,False,q4,Why does Dwight dislike Jim? Give 3 reasons with examples,False,True,False,0,0,0,0,,,,,True,,0,,
experiments/runs/2026-03-05T02-34-16Z_meta_ingest_blended_scene_chunks_mmr_k12.json,2026-03-05T02-34-16Z_meta_ingest_blended_scene_chunks_mmr_k12,meta_ingest_blended_scene_chunks_mmr_k12,2026-03-05T02:34:16Z,,,db/chroma_db_scene,,,,,,,db/chroma_db_scene,mmr,12,False,q5,List Michael Scott’s serious girlfriends and how the relationships ended.,False,True,False,0,0,0,0,,,,,True,,0,,
experiments/runs/2026-03-05T02-34-16Z_meta_ingest_blended_scene_chunks_mmr_k12.json,2026-03-05T02-34-16Z_meta_ingest_blended_scene_chunks_mmr_k12,meta_ingest_blended_scene_chunks_mmr_k12,2026-03-05T02:34:16Z,,,db/chroma_db_scene,,,,,,,db/chroma_db_scene,mmr,12,False,q6,What is the teapot letter and why is it important?,False,True,False,0,0,0,0,,,,,False,,0,,True
experiments/runs/2026-03-05T02-34-16Z_meta_ingest_blended_scene_chunks_mmr_k12.json,2026-03-05T02-34-16Z_meta_ingest_blended_scene_chunks_mmr_k12,meta_ingest_blended_scene_chunks_mmr_k12,2026-03-05T02:34:16Z,,,db/chroma_db_scene,,,,,,,db/chroma_db_scene,mmr,12,False,q7,Who is Creed and what is his deal?,False,True,False,0,0,0,0,,,,,False,,0,,
experiments/runs/2026-03-05T02-34-28Z_meta_ingest_blended_scene_chunks_similarity_k12.json,2026-03-05T02-34-28Z_meta_ingest_blended_scene_chunks_similarity_k12,meta_ingest_blended_scene_chunks_similarity_k12,2026-03-05T02:34:28Z,,,db/chroma_db_scene,,,,,,,db/chroma_db_scene,similarity,12,False,q1,Find the episode where Dwight says something like 'Bears. Beets. Battlestar Galactica.' What is the context?,False,True,False,0,0,0,0,,,,,False,,0,,True
experiments/runs/2026-03-05T02-34-28Z_meta_ingest_blended_scene_chunks_similarity_k12.json,2026-03-05T02-34-28Z_meta_ingest_blended_scene_chunks_similarity_k12,meta_ingest_blended_scene_chunks_similarity_k12,2026-03-05T02:34:28Z,,,db/chroma_db_scene,,,,,,,db/chroma_db_scene,similarity,12,False,q2,In what episode does Michael burn his foot?,False,True,False,0,0,0,0,,,,,False,,0,,True
experiments/runs/2026-03-05T02-34-28Z_meta_ingest_blended_scene_chunks_similarity_k12.json,2026-03-05T02-34-28Z_meta_ingest_blended_scene_chunks_similarity_k12,meta_ingest_blended_scene_chunks_similarity_k12,2026-03-05T02:34:28Z,,,db/chroma_db_scene,,,,,,,db/chroma_db_scene,similarity,12,False,q3,Summarize season 2 of The Office.,False,True,False,0,0,0,0,,,,,True,,0,,
experiments/runs/2026-03-05T02-34-28Z_meta_ingest_blended_scene_chunks_similarity_k12.json,2026-03-05T02-34-28Z_meta_ingest_blended_scene_chunks_similarity_k12,meta_ingest_blended_scene_chunks_similarity_k12,2026-03-05T02:34:28Z,,,db/chroma_db_scene,,,,,,,db/chroma_db_scene,similarity,12,False,q4,Why does Dwight dislike Jim? Give 3 reasons with examples,False,True,False,0,0,0,0,,,,,True,,0,,
experiments/runs/2026-03-05T02-34-28Z_meta_ingest_blended_scene_chunks_similarity_k12.json,2026-03-05T02-34-28Z_meta_ingest_blended_scene_chunks_similarity_k12,meta_ingest_blended_scene_chunks_similarity_k12,2026-03-05T02:34:28Z,,,db/chroma_db_scene,,,,,,,db/chroma_db_scene,similarity,12,False,q5,List Michael Scott’s serious girlfriends and how the relationships ended.,False,True,False,0,0,0,0,,,,,True,,0,,
experiments/runs/2026-03-05T02-34-28Z_meta_ingest_blended_scene_chunks_similarity_k12.json,2026-03-05T02-34-28Z_meta_ingest_blended_scene_chunks_similarity_k12,meta_ingest_blended_scene_chunks_similarity_k12,2026-03-05T02:34:28Z,,,db/chroma_db_scene,,,,,,,db/chroma_db_scene,similarity,12,False,q6,What is the teapot letter and why is it important?,False,True,False,0,0,0,0,,,,,False,,0,,True
experiments/runs/2026-03-05T02-34-28Z_meta_ingest_blended_scene_chunks_similarity_k12.json,2026-03-05T02-34-28Z_meta_ingest_blended_scene_chunks_similarity_k12,meta_ingest_blended_scene_chunks_similarity_k12,2026-03-05T02:34:28Z,,,db/chroma_db_scene,,,,,,,db/chroma_db_scene,similarity,12,False,q7,Who is Creed and what is his deal?,False,True,False,0,0,0,0,,,,,False,,0,,
experiments/runs/2026-03-05T02-34-37Z_meta_ingest_blended_scene_chunks_mmr_k12_fetch80_lambda09.json,2026-03-05T02-34-37Z_meta_ingest_blended_scene_chunks_mmr_k12_fetch80_lambda09,meta_ingest_blended_scene_chunks_mmr_k12_fetch80_lambda09,2026-03-05T02:34:37Z,,,db/chroma_db_scene,,,,,,,db/chroma_db_scene,mmr,12,False,q1,Find the episode where Dwight says something like 'Bears. Beets. Battlestar Galactica.' What is the context?,False,True,False,0,0,0,0,,,,,False,,0,,True
experiments/runs/2026-03-05T02-34-37Z_meta_ingest_blended_scene_chunks_mmr_k12_fetch80_lambda09.json,2026-03-05T02-34-37Z_meta_ingest_blended_scene_chunks_mmr_k12_fetch80_lambda09,meta_ingest_blended_scene_chunks_mmr_k12_fetch80_lambda09,2026-03-05T02:34:37Z,,,db/chroma_db_scene,,,,,,,db/chroma_db_scene,mmr,12,False,q2,In what episode does Michael burn his foot?,False,True,False,0,0,0,0,,,,,False,,0,,True
experiments/runs/2026-03-05T02-34-37Z_meta_ingest_blended_scene_chunks_mmr_k12_fetch80_lambda09.json,2026-03-05T02-34-37Z_meta_ingest_blended_scene_chunks_mmr_k12_fetch80_lambda09,meta_ingest_blended_scene_chunks_mmr_k12_fetch80_lambda09,2026-03-05T02:34:37Z,,,db/chroma_db_scene,,,,,,,db/chroma_db_scene,mmr,12,False,q3,Summarize season 2 of The Office.,False,True,False,0,0,0,0,,,,,True,,0,,
experiments/runs/2026-03-05T02-34-37Z_meta_ingest_blended_scene_chunks_mmr_k12_fetch80_lambda09.json,2026-03-05T02-34-37Z_meta_ingest_blended_scene_chunks_mmr_k12_fetch80_lambda09,meta_ingest_blended_scene_chunks_mmr_k12_fetch80_lambda09,2026-03-05T02:34:37Z,,,db/chroma_db_scene,,,,,,,db/chroma_db_scene,mmr,12,False,q4,Why does Dwight dislike Jim? Give 3 reasons with examples,False,True,False,0,0,0,0,,,,,True,,0,,
experiments/runs/2026-03-05T02-34-37Z_meta_ingest_blended_scene_chunks_mmr_k12_fetch80_lambda09.json,2026-03-05T02-34-37Z_meta_ingest_blended_scene_chunks_mmr_k12_fetch80_lambda09,meta_ingest_blended_scene_chunks_mmr_k12_fetch80_lambda09,2026-03-05T02:34:37Z,,,db/chroma_db_scene,,,,,,,db/chroma_db_scene,mmr,12,False,q5,List Michael Scott’s serious girlfriends and how the relationships ended.,False,True,False,0,0,0,0,,,,,True,,0,,
experiments/runs/2026-03-05T02-34-37Z_meta_ingest_blended_scene_chunks_mmr_k12_fetch80_lambda09.json,2026-03-05T02-34-37Z_meta_ingest_blended_scene_chunks_mmr_k12_fetch80_lambda09,meta_ingest_blended_scene_chunks_mmr_k12_fetch80_lambda09,2026-03-05T02:34:37Z,,,db/chroma_db_scene,,,,,,,db/chroma_db_scene,mmr,12,False,q6,What is the teapot letter and why is it important?,False,True,False,0,0,0,0,,,,,False,,0,,True
experiments/runs/2026-03-05T02-34-37Z_meta_ingest_blended_scene_chunks_mmr_k12_fetch80_lambda09.json,2026-03-05T02-34-37Z_meta_ingest_blended_scene_chunks_mmr_k12_fetch80_lambda09,meta_ingest_blended_scene_chunks_mmr_k12_fetch80_lambda09,2026-03-05T02:34:37Z,,,db/chroma_db_scene,,,,,,,db/chroma_db_scene,mmr,12,False,q7,Who is Creed and what is his deal?,False,True,False,0,0,0,0,,,,,False,,0,,
experiments/runs/2026-03-05T02-34-48Z_meta_ingest_blended_scene_chunks_mmr_k12_fetch80_lambda09_w1.json,2026-03-05T02-34-48Z_meta_ingest_blended_scene_chunks_mmr_k12_fetch80_lambda09_w1,meta_ingest_blended_scene_chunks_mmr_k12_fetch80_lambda09_w1,2026-03-05T02:34:48Z,,,db/chroma_db_scene_w1,,,,,,,db/chroma_db_scene_w1,mmr,12,False,q1,Find the episode where Dwight says something like 'Bears. Beets. Battlestar Galactica.' What is the context?,False,True,False,0,0,0,0,,,,,False,,0,,True
experiments/runs/2026-03-05T02-34-48Z_meta_ingest_blended_scene_chunks_mmr_k12_fetch80_lambda09_w1.json,2026-03-05T02-34-48Z_meta_ingest_blended_scene_chunks_mmr_k12_fetch80_lambda09_w1,meta_ingest_blended_scene_chunks_mmr_k12_fetch80_lambda09_w1,2026-03-05T02:34:48Z,,,db/chroma_db_scene_w1,,,,,,,db/chroma_db_scene_w1,mmr,12,False,q2,In what episode does Michael burn his foot?,False,True,False,0,0,0,0,,,,,False,,0,,True
experiments/runs/2026-03-05T02-34-48Z_meta_ingest_blended_scene_chunks_mmr_k12_fetch80_lambda09_w1.json,2026-03-05T02-34-48Z_meta_ingest_blended_scene_chunks_mmr_k12_fetch80_lambda09_w1,meta_ingest_blended_scene_chunks_mmr_k12_fetch80_lambda09_w1,2026-03-05T02:34:48Z,,,db/chroma_db_scene_w1,,,,,,,db/chroma_db_scene_w1,mmr,12,False,q3,Summarize season 2 of The Office.,False,True,False,0,0,0,0,,,,,True,,0,,
experiments/runs/2026-03-05T02-34-48Z_meta_ingest_blended_scene_chunks_mmr_k12_fetch80_lambda09_w1.json,2026-03-05T02-34-48Z_meta_ingest_blended_scene_chunks_mmr_k12_fetch80_lambda09_w1,meta_ingest_blended_scene_chunks_mmr_k12_fetch80_lambda09_w1,2026-03-05T02:34:48Z,,,db/chroma_db_scene_w1,,,,,,,db/chroma_db_scene_w1,mmr,12,False,q4,Why does Dwight dislike Jim? Give 3 reasons with examples,False,True,False,0,0,0,0,,,,,True,,0,,
experiments/runs/2026-03-05T02-34-48Z_meta_ingest_blended_scene_chunks_mmr_k12_fetch80_lambda09_w1.json,2026-03-05T02-34-48Z_meta_ingest_blended_scene_chunks_mmr_k12_fetch80_lambda09_w1,meta_ingest_blended_scene_chunks_mmr_k12_fetch80_lambda09_w1,2026-03-05T02:34:48Z,,,db/chroma_db_scene_w1,,,,,,,db/chroma_db_scene_w1,mmr,12,False,q5,List Michael Scott’s serious girlfriends and how the relationships ended.,False,True,False,0,0,0,0,,,,,True,,0,,
experiments/runs/2026-03-05T02-34-48Z_meta_ingest_blended_scene_chunks_mmr_k12_fetch80_lambda09_w1.json,2026-03-05T02-34-48Z_meta_ingest_blended_scene_chunks_mmr_k12_fetch80_lambda09_w1,meta_ingest_blended_scene_chunks_mmr_k12_fetch80_lambda09_w1,2026-03-05T02:34:48Z,,,db/chroma_db_scene_w1,,,,,,,db/chroma_db_scene_w1,mmr,12,False,q6,What is the teapot letter and why is it important?,False,True,False,0,0,0,0,,,,,False,,0,,True
experiments/runs/2026-03-05T02-34-48Z_meta_ingest_blended_scene_chunks_mmr_k12_fetch80_lambda09_w1.json,2026-03-05T02-34-48Z_meta_ingest_blended_scene_chunks_mmr_k12_fetch80_lambda09_w1,meta_ingest_blended_scene_chunks_mmr_k12_fetch80_lambda09_w1,2026-03-05T02:34:48Z,,,db/chroma_db_scene_w1,,,,,,,db/chroma_db_scene_w1,mmr,12,False,q7,Who is Creed and what is his deal?,False,True,False,0,0,0,0,,,,,False,,0,,
experiments/runs/2026-03-05T02-34-58Z_meta_ingest_blended_qe_rrf_similarity_k12.json,2026-03-05T02-34-58Z_meta_ingest_blended_qe_rrf_similarity_k12,meta_ingest_blended_qe_rrf_similarity_k12,2026-03-05T02:34:58Z,,,db/chroma_db,,,,,,,db/chroma_db,similarity,12,True,q1,Find the episode where Dwight says something like 'Bears. Beets. Battlestar Galactica.' What is the context?,True,False,True,12,10299,9,9,0.25,0.9533522741071694,0.25,0.25,False,84.15,0,False,False
experiments/runs/2026-03-05T02-34-58Z_meta_ingest_blended_qe_rrf_similarity_k12.json,2026-03-05T02-34-58Z_meta_ingest_blended_qe_rrf_similarity_k12,meta_ingest_blended_qe_rrf_similarity_k12,2026-03-05T02:34:58Z,,,db/chroma_db,,,,,,,db/chroma_db,similarity,12,True,q2,In what episode does Michael burn his foot?,True,False,True,9,8358,3,4,0.6666666666666666,0.7725068857142601,0.5555555555555556,0.6666666666666667,False,53.1,0,False,False
experiments/runs/2026-03-05T02-34-58Z_meta_ingest_blended_qe_rrf_similarity_k12.json,2026-03-05T02-34-58Z_meta_ingest_blended_qe_rrf_similarity_k12,meta_ingest_blended_qe_rrf_similarity_k12,2026-03-05T02:34:58Z,,,db/chroma_db,,,,,,,db/chroma_db,similarity,12,True,q3,Summarize season 2 of The Office.,True,False,True,12,1986,12,12,0.08333333333333333,1.0000000000000004,0.0,0.0,True,97.08,0,False,
experiments/runs/2026-03-05T02-34-58Z_meta_ingest_blended_qe_rrf_similarity_k12.json,2026-03-05T02-34-58Z_meta_ingest_blended_qe_rrf_similarity_k12,meta_ingest_blended_qe_rrf_similarity_k12,2026-03-05T02:34:58Z,,,db/chroma_db,,,,,,,db/chroma_db,similarity,12,True,q4,Why does Dwight dislike Jim? Give 3 reasons with examples,True,False,False,12,9938,10,10,0.25,0.9599009323677093,0.16666666666666663,0.16666666666666663,True,86.11,0,False,
experiments/runs/2026-03-05T02-34-58Z_meta_ingest_blended_qe_rrf_similarity_k12.json,2026-03-05T02-34-58Z_meta_ingest_blended_qe_rrf_similarity_k12,meta_ingest_blended_qe_rrf_similarity_k12,2026-03-05T02:34:58Z,,,db/chroma_db,,,,,,,db/chroma_db,similarity,12,True,q5,List Michael Scott’s serious girlfriends and how the relationships ended.,True,False,False,12,13861,12,12,0.08333333333333333,1.0000000000000004,0.0,0.0,True,97.08,0,False,
experiments/runs/2026-03-05T02-34-58Z_meta_ingest_blended_qe_rrf_similarity_k12.json,2026-03-05T02-34-58Z_meta_ingest_blended_qe_rrf_similarity_k12,meta_ingest_blended_qe_rrf_similarity_k12,2026-03-05T02:34:58Z,,,db/chroma_db,,,,,,,db/chroma_db,similarity,12,True,q6,What is the teapot letter and why is it important?,True,False,False,12,10338,11,11,0.16666666666666666,0.9881090915741209,0.08333333333333337,0.08333333333333337,False,91.96,0,False,False
experiments/runs/2026-03-05T02-34-58Z_meta_ingest_blended_qe_rrf_similarity_k12.json,2026-03-05T02-34-58Z_meta_ingest_blended_qe_rrf_similarity_k12,meta_ingest_blended_qe_rrf_similarity_k12,2026-03-05T02:34:58Z,,,db/chroma_db,,,,,,,db/chroma_db,similarity,12,True,q7,Who is Creed and what is his deal?,True,False,False,12,7977,9,9,0.16666666666666666,0.9731973151785932,0.25,0.25,False,87.96,0,False,
experiments/runs/2026-03-05T02-35-35Z_meta_ingest_blended_qe_rrf_mmr_k12.json,2026-03-05T02-35-35Z_meta_ingest_blended_qe_rrf_mmr_k12,meta_ingest_blended_qe_rrf_mmr_k12,2026-03-05T02:35:35Z,,,db/chroma_db,,,,,,,db/chroma_db,mmr,12,True,q1,Find the episode where Dwight says something like 'Bears. Beets. Battlestar Galactica.' What is the context?,True,False,True,12,10299,9,9,0.25,0.9533522741071694,0.25,0.25,False,84.15,0,False,False
experiments/runs/2026-03-05T02-35-35Z_meta_ingest_blended_qe_rrf_mmr_k12.json,2026-03-05T02-35-35Z_meta_ingest_blended_qe_rrf_mmr_k12,meta_ingest_blended_qe_rrf_mmr_k12,2026-03-05T02:35:35Z,,,db/chroma_db,,,,,,,db/chroma_db,mmr,12,True,q2,In what episode does Michael burn his foot?,True,False,True,9,8358,3,4,0.6666666666666666,0.7725068857142601,0.5555555555555556,0.6666666666666667,False,53.1,0,False,False
experiments/runs/2026-03-05T02-35-35Z_meta_ingest_blended_qe_rrf_mmr_k12.json,2026-03-05T02-35-35Z_meta_ingest_blended_qe_rrf_mmr_k12,meta_ingest_blended_qe_rrf_mmr_k12,2026-03-05T02:35:35Z,,,db/chroma_db,,,,,,,db/chroma_db,mmr,12,True,q3,Summarize season 2 of The Office.,True,False,True,12,1986,12,12,0.08333333333333333,1.0000000000000004,0.0,0.0,True,97.08,0,False,
experiments/runs/2026-03-05T02-35-35Z_meta_ingest_blended_qe_rrf_mmr_k12.json,2026-03-05T02-35-35Z_meta_ingest_blended_qe_rrf_mmr_k12,meta_ingest_blended_qe_rrf_mmr_k12,2026-03-05T02:35:35Z,,,db/chroma_db,,,,,,,db/chroma_db,mmr,12,True,q4,Why does Dwight dislike Jim? Give 3 reasons with examples,True,False,False,12,9938,10,10,0.25,0.9599009323677093,0.16666666666666663,0.16666666666666663,True,86.11,0,False,
experiments/runs/2026-03-05T02-35-35Z_meta_ingest_blended_qe_rrf_mmr_k12.json,2026-03-05T02-35-35Z_meta_ingest_blended_qe_rrf_mmr_k12,meta_ingest_blended_qe_rrf_mmr_k12,2026-03-05T02:35:35Z,,,db/chroma_db,,,,,,,db/chroma_db,mmr,12,True,q5,List Michael Scott’s serious girlfriends and how the relationships ended.,True,False,False,12,13861,12,12,0.08333333333333333,1.0000000000000004,0.0,0.0,True,97.08,0,False,
experiments/runs/2026-03-05T02-35-35Z_meta_ingest_blended_qe_rrf_mmr_k12.json,2026-03-05T02-35-35Z_meta_ingest_blended_qe_rrf_mmr_k12,meta_ingest_blended_qe_rrf_mmr_k12,2026-03-05T02:35:35Z,,,db/chroma_db,,,,,,,db/chroma_db,mmr,12,True,q6,What is the teapot letter and why is it important?,True,False,False,12,10338,11,11,0.16666666666666666,0.9881090915741209,0.08333333333333337,0.08333333333333337,False,91.96,0,True,False
experiments/runs/2026-03-05T02-35-35Z_meta_ingest_blended_qe_rrf_mmr_k12.json,2026-03-05T02-35-35Z_meta_ingest_blended_qe_rrf_mmr_k12,meta_ingest_blended_qe_rrf_mmr_k12,2026-03-05T02:35:35Z,,,db/chroma_db,,,,,,,db/chroma_db,mmr,12,True,q7,Who is Creed and what is his deal?,True,False,False,12,7977,9,9,0.16666666666666666,0.9731973151785932,0.25,0.25,False,87.96,0,False,
experiments/runs/2026-03-05T02-36-31Z_meta_ingest_blended_meta_qe_rrf_mmr_k12.json,2026-03-05T02-36-31Z_meta_ingest_blended_meta_qe_rrf_mmr_k12,meta_ingest_blended_meta_qe_rrf_mmr_k12,2026-03-05T02:36:31Z,,,db/chroma_db_meta,,,,,,,db/chroma_db_meta,mmr,12,True,q1,Find the episode where Dwight says something like 'Bears. Beets. Battlestar Galactica.' What is the context?,True,False,True,12,9960,10,10,0.16666666666666666,0.9788379141596312,0.16666666666666663,0.16666666666666663,False,89.88,0,False,False
experiments/runs/2026-03-05T02-36-31Z_meta_ingest_blended_meta_qe_rrf_mmr_k12.json,2026-03-05T02-36-31Z_meta_ingest_blended_meta_qe_rrf_mmr_k12,meta_ingest_blended_meta_qe_rrf_mmr_k12,2026-03-05T02:36:31Z,,,db/chroma_db_meta,,,,,,,db/chroma_db_meta,mmr,12,True,q2,In what episode does Michael burn his foot?,True,False,True,9,8358,3,4,0.6666666666666666,0.7725068857142601,0.5555555555555556,0.6666666666666667,False,53.1,0,False,False
experiments/runs/2026-03-05T02-36-31Z_meta_ingest_blended_meta_qe_rrf_mmr_k12.json,2026-03-05T02-36-31Z_meta_ingest_blended_meta_qe_rrf_mmr_k12,meta_ingest_blended_meta_qe_rrf_mmr_k12,2026-03-05T02:36:31Z,,,db/chroma_db_meta,,,,,,,db/chroma_db_meta,mmr,12,True,q3,Summarize season 2 of The Office.,True,False,True,12,1986,12,12,0.08333333333333333,1.0000000000000004,0.0,0.0,True,97.08,0,False,
experiments/runs/2026-03-05T02-36-31Z_meta_ingest_blended_meta_qe_rrf_mmr_k12.json,2026-03-05T02-36-31Z_meta_ingest_blended_meta_qe_rrf_mmr_k12,meta_ingest_blended_meta_qe_rrf_mmr_k12,2026-03-05T02:36:31Z,,,db/chroma_db_meta,,,,,,,db/chroma_db_meta,mmr,12,True,q4,Why does Dwight dislike Jim? Give 3 reasons with examples,True,False,False,12,9938,10,10,0.25,0.9599009323677093,0.16666666666666663,0.16666666666666663,True,86.11,0,False,
experiments/runs/2026-03-05T02-36-31Z_meta_ingest_blended_meta_qe_rrf_mmr_k12.json,2026-03-05T02-36-31Z_meta_ingest_blended_meta_qe_rrf_mmr_k12,meta_ingest_blended_meta_qe_rrf_mmr_k12,2026-03-05T02:36:31Z,,,db/chroma_db_meta,,,,,,,db/chroma_db_meta,mmr,12,True,q5,List Michael Scott’s serious girlfriends and how the relationships ended.,True,False,False,12,13861,12,12,0.08333333333333333,1.0000000000000004,0.0,0.0,True,97.08,0,False,
experiments/runs/2026-03-05T02-36-31Z_meta_ingest_blended_meta_qe_rrf_mmr_k12.json,2026-03-05T02-36-31Z_meta_ingest_blended_meta_qe_rrf_mmr_k12,meta_ingest_blended_meta_qe_rrf_mmr_k12,2026-03-05T02:36:31Z,,,db/chroma_db_meta,,,,,,,db/chroma_db_meta,mmr,12,True,q6,What is the teapot letter and why is it important?,True,False,False,12,11020,12,12,0.08333333333333333,1.0000000000000004,0.0,0.0,False,97.08,0,False,False
experiments/runs/2026-03-05T02-36-31Z_meta_ingest_blended_meta_qe_rrf_mmr_k12.json,2026-03-05T02-36-31Z_meta_ingest_blended_meta_qe_rrf_mmr_k12,meta_ingest_blended_meta_qe_rrf_mmr_k12,2026-03-05T02:36:31Z,,,db/chroma_db_meta,,,,,,,db/chroma_db_meta,mmr,12,True,q7,Who is Creed and what is his deal?,True,False,True,12,7977,9,9,0.16666666666666666,0.9731973151785932,0.25,0.25,False,87.96,0,False,
experiments/runs/2026-03-05T04-04-46Z_sanity_blended_with_topiccards.json,2026-03-05T04-04-46Z_sanity_blended_with_topiccards,sanity_blended_with_topiccards,2026-03-05T04:04:46Z,,,db/chroma_db,,,,,,,db/chroma_db,similarity,3,False,q1,Find the episode where Dwight says something like 'Bears. Beets. Battlestar Galactica.' What is the context?,True,False,True,3,2557,3,3,0.3333333333333333,0.9999999999999998,0.0,0.0,False,88.33,0,False,False
experiments/runs/2026-03-05T04-04-46Z_sanity_blended_with_topiccards.json,2026-03-05T04-04-46Z_sanity_blended_with_topiccards,sanity_blended_with_topiccards,2026-03-05T04:04:46Z,,,db/chroma_db,,,,,,,db/chroma_db,similarity,3,False,q2,In what episode does Michael burn his foot?,True,False,True,3,1707,1,2,1.0,,0.33333333333333337,0.6666666666666667,False,6.67,0,False,False
experiments/runs/2026-03-05T04-04-46Z_sanity_blended_with_topiccards.json,2026-03-05T04-04-46Z_sanity_blended_with_topiccards,sanity_blended_with_topiccards,2026-03-05T04:04:46Z,,,db/chroma_db,,,,,,,db/chroma_db,similarity,3,False,q3,Summarize season 2 of The Office.,True,False,True,3,270,3,3,0.3333333333333333,0.9999999999999998,0.0,0.0,True,88.33,0,False,
experiments/runs/2026-03-05T04-04-46Z_sanity_blended_with_topiccards.json,2026-03-05T04-04-46Z_sanity_blended_with_topiccards,sanity_blended_with_topiccards,2026-03-05T04:04:46Z,,,db/chroma_db,,,,,,,db/chroma_db,similarity,3,False,q4,Why does Dwight dislike Jim? Give 3 reasons with examples,True,False,True,3,3526,3,3,0.3333333333333333,0.9999999999999998,0.0,0.0,True,88.33,1,True,
experiments/runs/2026-03-05T04-04-46Z_sanity_blended_with_topiccards.json,2026-03-05T04-04-46Z_sanity_blended_with_topiccards,sanity_blended_with_topiccards,2026-03-05T04:04:46Z,,,db/chroma_db,,,,,,,db/chroma_db,similarity,3,False,q5,List Michael Scott’s serious girlfriends and how the relationships ended.,True,False,False,3,3838,3,3,0.3333333333333333,0.9999999999999998,0.0,0.0,True,88.33,0,False,
experiments/runs/2026-03-05T04-04-46Z_sanity_blended_with_topiccards.json,2026-03-05T04-04-46Z_sanity_blended_with_topiccards,sanity_blended_with_topiccards,2026-03-05T04:04:46Z,,,db/chroma_db,,,,,,,db/chroma_db,similarity,3,False,q6,What is the teapot letter and why is it important?,True,True,False,3,3002,3,3,0.3333333333333333,0.9999999999999998,0.0,0.0,False,88.33,0,,True
experiments/runs/2026-03-05T04-04-46Z_sanity_blended_with_topiccards.json,2026-03-05T04-04-46Z_sanity_blended_with_topiccards,sanity_blended_with_topiccards,2026-03-05T04:04:46Z,,,db/chroma_db,,,,,,,db/chroma_db,similarity,3,False,q7,Who is Creed and what is his deal?,True,False,False,3,1972,2,2,0.6666666666666666,0.9182958340544894,0.33333333333333337,0.33333333333333337,False,66.32,0,False,
experiments/runs/2026-03-05T04-20-43Z_sanity_blended_with_topiccards_v2.json,2026-03-05T04-20-43Z_sanity_blended_with_topiccards_v2,sanity_blended_with_topiccards_v2,2026-03-05T04:20:43Z,,,db/chroma_db,,,,,,,db/chroma_db,similarity,3,False,q1,Find the episode where Dwight says something like 'Bears. Beets. Battlestar Galactica.' What is the context?,True,False,False,3,2557,3,3,0.3333333333333333,0.9999999999999998,0.0,0.0,False,88.33,0,False,False
experiments/runs/2026-03-05T04-20-43Z_sanity_blended_with_topiccards_v2.json,2026-03-05T04-20-43Z_sanity_blended_with_topiccards_v2,sanity_blended_with_topiccards_v2,2026-03-05T04:20:43Z,,,db/chroma_db,,,,,,,db/chroma_db,similarity,3,False,q2,In what episode does Michael burn his foot?,True,False,True,3,1707,1,2,1.0,,0.33333333333333337,0.6666666666666667,False,6.67,0,False,False
experiments/runs/2026-03-05T04-20-43Z_sanity_blended_with_topiccards_v2.json,2026-03-05T04-20-43Z_sanity_blended_with_topiccards_v2,sanity_blended_with_topiccards_v2,2026-03-05T04:20:43Z,,,db/chroma_db,,,,,,,db/chroma_db,similarity,3,False,q3,Summarize season 2 of The Office.,True,False,True,3,270,3,3,0.3333333333333333,0.9999999999999998,0.0,0.0,True,88.33,0,False,
experiments/runs/2026-03-05T04-20-43Z_sanity_blended_with_topiccards_v2.json,2026-03-05T04-20-43Z_sanity_blended_with_topiccards_v2,sanity_blended_with_topiccards_v2,2026-03-05T04:20:43Z,,,db/chroma_db,,,,,,,db/chroma_db,similarity,3,False,q4,Why does Dwight dislike Jim? Give 3 reasons with examples,True,False,False,3,3526,3,3,0.3333333333333333,0.9999999999999998,0.0,0.0,True,88.33,0,False,
experiments/runs/2026-03-05T04-20-43Z_sanity_blended_with_topiccards_v2.json,2026-03-05T04-20-43Z_sanity_blended_with_topiccards_v2,sanity_blended_with_topiccards_v2,2026-03-05T04:20:43Z,,,db/chroma_db,,,,,,,db/chroma_db,similarity,3,False,q5,List Michael Scott’s serious girlfriends and how the relationships ended.,True,False,False,3,3838,3,3,0.3333333333333333,0.9999999999999998,0.0,0.0,True,88.33,0,False,
experiments/runs/2026-03-05T04-20-43Z_sanity_blended_with_topiccards_v2.json,2026-03-05T04-20-43Z_sanity_blended_with_topiccards_v2,sanity_blended_with_topiccards_v2,2026-03-05T04:20:43Z,,,db/chroma_db,,,,,,,db/chroma_db,similarity,3,False,q6,What is the teapot letter and why is it important?,True,True,False,3,3002,3,3,0.3333333333333333,0.9999999999999998,0.0,0.0,False,88.33,0,,True
experiments/runs/2026-03-05T04-20-43Z_sanity_blended_with_topiccards_v2.json,2026-03-05T04-20-43Z_sanity_blended_with_topiccards_v2,sanity_blended_with_topiccards_v2,2026-03-05T04:20:43Z,,,db/chroma_db,,,,,,,db/chroma_db,similarity,3,False,q7,Who is Creed and what is his deal?,True,False,False,3,1972,2,2,0.6666666666666666,0.9182958340544894,0.33333333333333337,0.33333333333333337,False,66.32,0,False,
experiments/runs/2026-03-05T04-30-10Z_sanity_blended_with_topiccards_v3.json,2026-03-05T04-30-10Z_sanity_blended_with_topiccards_v3,sanity_blended_with_topiccards_v3,2026-03-05T04:30:10Z,,,db/chroma_db,,,,,,,db/chroma_db,similarity,3,False,q1,Find the episode where Dwight says something like 'Bears. Beets. Battlestar Galactica.' What is the context?,True,False,True,3,2557,3,3,0.3333333333333333,0.9999999999999998,0.0,0.0,False,88.33,0,False,False
experiments/runs/2026-03-05T04-30-10Z_sanity_blended_with_topiccards_v3.json,2026-03-05T04-30-10Z_sanity_blended_with_topiccards_v3,sanity_blended_with_topiccards_v3,2026-03-05T04:30:10Z,,,db/chroma_db,,,,,,,db/chroma_db,similarity,3,False,q2,In what episode does Michael burn his foot?,True,False,True,3,1707,1,2,1.0,,0.33333333333333337,0.6666666666666667,False,6.67,0,False,False
experiments/runs/2026-03-05T04-30-10Z_sanity_blended_with_topiccards_v3.json,2026-03-05T04-30-10Z_sanity_blended_with_topiccards_v3,sanity_blended_with_topiccards_v3,2026-03-05T04:30:10Z,,,db/chroma_db,,,,,,,db/chroma_db,similarity,3,False,q3,Summarize season 2 of The Office.,True,False,True,3,270,3,3,0.3333333333333333,0.9999999999999998,0.0,0.0,True,88.33,0,False,
experiments/runs/2026-03-05T04-30-10Z_sanity_blended_with_topiccards_v3.json,2026-03-05T04-30-10Z_sanity_blended_with_topiccards_v3,sanity_blended_with_topiccards_v3,2026-03-05T04:30:10Z,,,db/chroma_db,,,,,,,db/chroma_db,similarity,3,False,q4,Why does Dwight dislike Jim? Give 3 reasons with examples,True,False,False,3,3526,3,3,0.3333333333333333,0.9999999999999998,0.0,0.0,True,88.33,0,False,
experiments/runs/2026-03-05T04-30-10Z_sanity_blended_with_topiccards_v3.json,2026-03-05T04-30-10Z_sanity_blended_with_topiccards_v3,sanity_blended_with_topiccards_v3,2026-03-05T04:30:10Z,,,db/chroma_db,,,,,,,db/chroma_db,similarity,3,False,q5,List Michael Scott’s serious girlfriends and how the relationships ended.,True,False,False,3,3838,3,3,0.3333333333333333,0.9999999999999998,0.0,0.0,True,88.33,0,False,
experiments/runs/2026-03-05T04-30-10Z_sanity_blended_with_topiccards_v3.json,2026-03-05T04-30-10Z_sanity_blended_with_topiccards_v3,sanity_blended_with_topiccards_v3,2026-03-05T04:30:10Z,,,db/chroma_db,,,,,,,db/chroma_db,similarity,3,False,q6,What is the teapot letter and why is it important?,True,True,False,3,3002,3,3,0.3333333333333333,0.9999999999999998,0.0,0.0,False,88.33,0,,True
experiments/runs/2026-03-05T04-30-10Z_sanity_blended_with_topiccards_v3.json,2026-03-05T04-30-10Z_sanity_blended_with_topiccards_v3,sanity_blended_with_topiccards_v3,2026-03-05T04:30:10Z,,,db/chroma_db,,,,,,,db/chroma_db,similarity,3,False,q7,Who is Creed and what is his deal?,True,False,False,3,1972,2,2,0.6666666666666666,0.9182958340544894,0.33333333333333337,0.33333333333333337,False,66.32,0,False,
experiments/runs/2026-03-05T04-31-48Z_sanity_blended_with_topiccards_v4.json,2026-03-05T04-31-48Z_sanity_blended_with_topiccards_v4,sanity_blended_with_topiccards_v4,2026-03-05T04:31:48Z,,,db/chroma_db,,,,,,,db/chroma_db,similarity,3,False,q1,Find the episode where Dwight says something like 'Bears. Beets. Battlestar Galactica.' What is the context?,True,False,True,3,2557,3,3,0.3333333333333333,0.9999999999999998,0.0,0.0,False,88.33,0,False,False
experiments/runs/2026-03-05T04-31-48Z_sanity_blended_with_topiccards_v4.json,2026-03-05T04-31-48Z_sanity_blended_with_topiccards_v4,sanity_blended_with_topiccards_v4,2026-03-05T04:31:48Z,,,db/chroma_db,,,,,,,db/chroma_db,similarity,3,False,q2,In what episode does Michael burn his foot?,True,False,True,3,1707,1,2,1.0,,0.33333333333333337,0.6666666666666667,False,6.67,0,False,False
experiments/runs/2026-03-05T04-31-48Z_sanity_blended_with_topiccards_v4.json,2026-03-05T04-31-48Z_sanity_blended_with_topiccards_v4,sanity_blended_with_topiccards_v4,2026-03-05T04:31:48Z,,,db/chroma_db,,,,,,,db/chroma_db,similarity,3,False,q3,Summarize season 2 of The Office.,True,False,True,3,270,3,3,0.3333333333333333,0.9999999999999998,0.0,0.0,True,88.33,0,False,
experiments/runs/2026-03-05T04-31-48Z_sanity_blended_with_topiccards_v4.json,2026-03-05T04-31-48Z_sanity_blended_with_topiccards_v4,sanity_blended_with_topiccards_v4,2026-03-05T04:31:48Z,,,db/chroma_db,,,,,,,db/chroma_db,similarity,3,False,q4,Why does Dwight dislike Jim? Give 3 reasons with examples,True,False,False,3,3526,3,3,0.3333333333333333,0.9999999999999998,0.0,0.0,True,88.33,0,False,
experiments/runs/2026-03-05T04-31-48Z_sanity_blended_with_topiccards_v4.json,2026-03-05T04-31-48Z_sanity_blended_with_topiccards_v4,sanity_blended_with_topiccards_v4,2026-03-05T04:31:48Z,,,db/chroma_db,,,,,,,db/chroma_db,similarity,3,False,q5,List Michael Scott’s serious girlfriends and how the relationships ended.,True,False,False,3,3838,3,3,0.3333333333333333,0.9999999999999998,0.0,0.0,True,88.33,0,False,
experiments/runs/2026-03-05T04-31-48Z_sanity_blended_with_topiccards_v4.json,2026-03-05T04-31-48Z_sanity_blended_with_topiccards_v4,sanity_blended_with_topiccards_v4,2026-03-05T04:31:48Z,,,db/chroma_db,,,,,,,db/chroma_db,similarity,3,False,q6,What is the teapot letter and why is it important?,True,True,False,3,3002,3,3,0.3333333333333333,0.9999999999999998,0.0,0.0,False,88.33,0,,True
experiments/runs/2026-03-05T04-31-48Z_sanity_blended_with_topiccards_v4.json,2026-03-05T04-31-48Z_sanity_blended_with_topiccards_v4,sanity_blended_with_topiccards_v4,2026-03-05T04:31:48Z,,,db/chroma_db,,,,,,,db/chroma_db,similarity,3,False,q7,Who is Creed and what is his deal?,True,False,False,3,1972,2,2,0.6666666666666666,0.9182958340544894,0.33333333333333337,0.33333333333333337,False,66.32,0,False,
experiments/runs/2026-03-05T04-36-33Z_topiccards_blended_baseline_similarity_k3.json,2026-03-05T04-36-33Z_topiccards_blended_baseline_similarity_k3,topiccards_blended_baseline_similarity_k3,2026-03-05T04:36:33Z,,,db/chroma_db,,,,,,,db/chroma_db,similarity,3,False,q1,Find the episode where Dwight says something like 'Bears. Beets. Battlestar Galactica.' What is the context?,True,False,True,3,2557,3,3,0.3333333333333333,0.9999999999999998,0.0,0.0,False,88.33,0,False,False
experiments/runs/2026-03-05T04-36-33Z_topiccards_blended_baseline_similarity_k3.json,2026-03-05T04-36-33Z_topiccards_blended_baseline_similarity_k3,topiccards_blended_baseline_similarity_k3,2026-03-05T04:36:33Z,,,db/chroma_db,,,,,,,db/chroma_db,similarity,3,False,q2,In what episode does Michael burn his foot?,True,False,True,3,1707,1,2,1.0,,0.33333333333333337,0.6666666666666667,False,6.67,0,False,False
experiments/runs/2026-03-05T04-36-33Z_topiccards_blended_baseline_similarity_k3.json,2026-03-05T04-36-33Z_topiccards_blended_baseline_similarity_k3,topiccards_blended_baseline_similarity_k3,2026-03-05T04:36:33Z,,,db/chroma_db,,,,,,,db/chroma_db,similarity,3,False,q3,Summarize season 2 of The Office.,True,False,True,3,270,3,3,0.3333333333333333,0.9999999999999998,0.0,0.0,True,88.33,0,False,
experiments/runs/2026-03-05T04-36-33Z_topiccards_blended_baseline_similarity_k3.json,2026-03-05T04-36-33Z_topiccards_blended_baseline_similarity_k3,topiccards_blended_baseline_similarity_k3,2026-03-05T04:36:33Z,,,db/chroma_db,,,,,,,db/chroma_db,similarity,3,False,q4,Why does Dwight dislike Jim? Give 3 reasons with examples,True,False,False,3,3526,3,3,0.3333333333333333,0.9999999999999998,0.0,0.0,True,88.33,0,False,
experiments/runs/2026-03-05T04-36-33Z_topiccards_blended_baseline_similarity_k3.json,2026-03-05T04-36-33Z_topiccards_blended_baseline_similarity_k3,topiccards_blended_baseline_similarity_k3,2026-03-05T04:36:33Z,,,db/chroma_db,,,,,,,db/chroma_db,similarity,3,False,q5,List Michael Scott’s serious girlfriends and how the relationships ended.,True,False,False,3,3838,3,3,0.3333333333333333,0.9999999999999998,0.0,0.0,True,88.33,0,False,
experiments/runs/2026-03-05T04-36-33Z_topiccards_blended_baseline_similarity_k3.json,2026-03-05T04-36-33Z_topiccards_blended_baseline_similarity_k3,topiccards_blended_baseline_similarity_k3,2026-03-05T04:36:33Z,,,db/chroma_db,,,,,,,db/chroma_db,similarity,3,False,q6,What is the teapot letter and why is it important?,True,True,False,3,3002,3,3,0.3333333333333333,0.9999999999999998,0.0,0.0,False,88.33,0,,True
experiments/runs/2026-03-05T04-36-33Z_topiccards_blended_baseline_similarity_k3.json,2026-03-05T04-36-33Z_topiccards_blended_baseline_similarity_k3,topiccards_blended_baseline_similarity_k3,2026-03-05T04:36:33Z,,,db/chroma_db,,,,,,,db/chroma_db,similarity,3,False,q7,Who is Creed and what is his deal?,True,False,False,3,1972,2,2,0.6666666666666666,0.9182958340544894,0.33333333333333337,0.33333333333333337,False,66.32,0,False,
experiments/runs/2026-03-05T04-37-02Z_topiccards_blended_t1_similarity_k12.json,2026-03-05T04-37-02Z_topiccards_blended_t1_similarity_k12,topiccards_blended_t1_similarity_k12,2026-03-05T04:37:02Z,,,db/chroma_db,,,,,,,db/chroma_db,similarity,12,False,q1,Find the episode where Dwight says something like 'Bears. Beets. Battlestar Galactica.' What is the context?,True,False,True,12,11838,11,11,0.16666666666666666,0.9881090915741209,0.08333333333333337,0.08333333333333337,False,91.96,0,False,False
experiments/runs/2026-03-05T04-37-02Z_topiccards_blended_t1_similarity_k12.json,2026-03-05T04-37-02Z_topiccards_blended_t1_similarity_k12,topiccards_blended_t1_similarity_k12,2026-03-05T04:37:02Z,,,db/chroma_db,,,,,,,db/chroma_db,similarity,12,False,q2,In what episode does Michael burn his foot?,True,False,True,12,9532,5,6,0.5833333333333334,0.766893743799275,0.5,0.5833333333333333,False,57.43,0,False,False
experiments/runs/2026-03-05T04-37-02Z_topiccards_blended_t1_similarity_k12.json,2026-03-05T04-37-02Z_topiccards_blended_t1_similarity_k12,topiccards_blended_t1_similarity_k12,2026-03-05T04:37:02Z,,,db/chroma_db,,,,,,,db/chroma_db,similarity,12,False,q3,Summarize season 2 of The Office.,True,False,True,12,2837,11,12,0.16666666666666666,0.9881090915741209,0.0,0.08333333333333337,True,91.96,0,False,
experiments/runs/2026-03-05T04-37-02Z_topiccards_blended_t1_similarity_k12.json,2026-03-05T04-37-02Z_topiccards_blended_t1_similarity_k12,topiccards_blended_t1_similarity_k12,2026-03-05T04:37:02Z,,,db/chroma_db,,,,,,,db/chroma_db,similarity,12,False,q4,Why does Dwight dislike Jim? Give 3 reasons with examples,True,False,False,12,10902,9,9,0.25,0.9533522741071694,0.25,0.25,True,84.15,0,False,
experiments/runs/2026-03-05T04-37-02Z_topiccards_blended_t1_similarity_k12.json,2026-03-05T04-37-02Z_topiccards_blended_t1_similarity_k12,topiccards_blended_t1_similarity_k12,2026-03-05T04:37:02Z,,,db/chroma_db,,,,,,,db/chroma_db,similarity,12,False,q5,List Michael Scott’s serious girlfriends and how the relationships ended.,True,False,False,12,14160,10,11,0.16666666666666666,0.9788379141596312,0.08333333333333337,0.16666666666666663,True,89.88,0,False,
experiments/runs/2026-03-05T04-37-02Z_topiccards_blended_t1_similarity_k12.json,2026-03-05T04-37-02Z_topiccards_blended_t1_similarity_k12,topiccards_blended_t1_similarity_k12,2026-03-05T04:37:02Z,,,db/chroma_db,,,,,,,db/chroma_db,similarity,12,False,q6,What is the teapot letter and why is it important?,True,False,True,12,10468,10,10,0.25,0.9599009323677093,0.16666666666666663,0.16666666666666663,False,86.11,2,True,False
experiments/runs/2026-03-05T04-37-02Z_topiccards_blended_t1_similarity_k12.json,2026-03-05T04-37-02Z_topiccards_blended_t1_similarity_k12,topiccards_blended_t1_similarity_k12,2026-03-05T04:37:02Z,,,db/chroma_db,,,,,,,db/chroma_db,similarity,12,False,q7,Who is Creed and what is his deal?,True,False,False,12,6540,8,8,0.25,0.9517961807358447,0.33333333333333337,0.33333333333333337,False,82.41,0,False,
experiments/runs/2026-03-05T04-37-31Z_topiccards_blended_t2_mmr_k12_fetch40_l07_fixed.json,2026-03-05T04-37-31Z_topiccards_blended_t2_mmr_k12_fetch40_l07_fixed,topiccards_blended_t2_mmr_k12_fetch40_l07_fixed,2026-03-05T04:37:31Z,,,db/chroma_db,,,,,,,db/chroma_db,mmr,12,False,q1,Find the episode where Dwight says something like 'Bears. Beets. Battlestar Galactica.' What is the context?,True,False,True,12,11979,12,12,0.08333333333333333,1.0000000000000004,0.0,0.0,False,97.08,0,False,False
experiments/runs/2026-03-05T04-37-31Z_topiccards_blended_t2_mmr_k12_fetch40_l07_fixed.json,2026-03-05T04-37-31Z_topiccards_blended_t2_mmr_k12_fetch40_l07_fixed,topiccards_blended_t2_mmr_k12_fetch40_l07_fixed,2026-03-05T04:37:31Z,,,db/chroma_db,,,,,,,db/chroma_db,mmr,12,False,q2,In what episode does Michael burn his foot?,True,False,True,12,9532,5,6,0.5833333333333334,0.766893743799275,0.5,0.5833333333333333,False,57.43,0,False,False
experiments/runs/2026-03-05T04-37-31Z_topiccards_blended_t2_mmr_k12_fetch40_l07_fixed.json,2026-03-05T04-37-31Z_topiccards_blended_t2_mmr_k12_fetch40_l07_fixed,topiccards_blended_t2_mmr_k12_fetch40_l07_fixed,2026-03-05T04:37:31Z,,,db/chroma_db,,,,,,,db/chroma_db,mmr,12,False,q3,Summarize season 2 of The Office.,True,False,True,12,2837,11,12,0.16666666666666666,0.9881090915741209,0.0,0.08333333333333337,True,91.96,0,False,
experiments/runs/2026-03-05T04-37-31Z_topiccards_blended_t2_mmr_k12_fetch40_l07_fixed.json,2026-03-05T04-37-31Z_topiccards_blended_t2_mmr_k12_fetch40_l07_fixed,topiccards_blended_t2_mmr_k12_fetch40_l07_fixed,2026-03-05T04:37:31Z,,,db/chroma_db,,,,,,,db/chroma_db,mmr,12,False,q4,Why does Dwight dislike Jim? Give 3 reasons with examples,True,False,False,12,10902,9,9,0.25,0.9533522741071694,0.25,0.25,True,84.15,0,False,
experiments/runs/2026-03-05T04-37-31Z_topiccards_blended_t2_mmr_k12_fetch40_l07_fixed.json,2026-03-05T04-37-31Z_topiccards_blended_t2_mmr_k12_fetch40_l07_fixed,topiccards_blended_t2_mmr_k12_fetch40_l07_fixed,2026-03-05T04:37:31Z,,,db/chroma_db,,,,,,,db/chroma_db,mmr,12,False,q5,List Michael Scott’s serious girlfriends and how the relationships ended.,True,True,False,12,14160,10,11,0.16666666666666666,0.9788379141596312,0.08333333333333337,0.16666666666666663,True,89.88,0,,
experiments/runs/2026-03-05T04-37-31Z_topiccards_blended_t2_mmr_k12_fetch40_l07_fixed.json,2026-03-05T04-37-31Z_topiccards_blended_t2_mmr_k12_fetch40_l07_fixed,topiccards_blended_t2_mmr_k12_fetch40_l07_fixed,2026-03-05T04:37:31Z,,,db/chroma_db,,,,,,,db/chroma_db,mmr,12,False,q6,What is the teapot letter and why is it important?,True,False,True,12,10620,11,11,0.16666666666666666,0.9881090915741209,0.08333333333333337,0.08333333333333337,False,91.96,1,True,False
experiments/runs/2026-03-05T04-37-31Z_topiccards_blended_t2_mmr_k12_fetch40_l07_fixed.json,2026-03-05T04-37-31Z_topiccards_blended_t2_mmr_k12_fetch40_l07_fixed,topiccards_blended_t2_mmr_k12_fetch40_l07_fixed,2026-03-05T04:37:31Z,,,db/chroma_db,,,,,,,db/chroma_db,mmr,12,False,q7,Who is Creed and what is his deal?,True,False,False,12,6540,8,8,0.25,0.9517961807358447,0.33333333333333337,0.33333333333333337,False,82.41,0,True,
experiments/runs/2026-03-05T04-38-01Z_topiccards_blended_scene_chunks_mmr_k12.json,2026-03-05T04-38-01Z_topiccards_blended_scene_chunks_mmr_k12,topiccards_blended_scene_chunks_mmr_k12,2026-03-05T04:38:01Z,,,db/chroma_db_scene,,,,,,,db/chroma_db_scene,mmr,12,False,q1,Find the episode where Dwight says something like 'Bears. Beets. Battlestar Galactica.' What is the context?,False,True,False,0,0,0,0,,,,,False,,0,,True
experiments/runs/2026-03-05T04-38-01Z_topiccards_blended_scene_chunks_mmr_k12.json,2026-03-05T04-38-01Z_topiccards_blended_scene_chunks_mmr_k12,topiccards_blended_scene_chunks_mmr_k12,2026-03-05T04:38:01Z,,,db/chroma_db_scene,,,,,,,db/chroma_db_scene,mmr,12,False,q2,In what episode does Michael burn his foot?,False,True,False,0,0,0,0,,,,,False,,0,,True
experiments/runs/2026-03-05T04-38-01Z_topiccards_blended_scene_chunks_mmr_k12.json,2026-03-05T04-38-01Z_topiccards_blended_scene_chunks_mmr_k12,topiccards_blended_scene_chunks_mmr_k12,2026-03-05T04:38:01Z,,,db/chroma_db_scene,,,,,,,db/chroma_db_scene,mmr,12,False,q3,Summarize season 2 of The Office.,False,True,False,0,0,0,0,,,,,True,,0,,
experiments/runs/2026-03-05T04-38-01Z_topiccards_blended_scene_chunks_mmr_k12.json,2026-03-05T04-38-01Z_topiccards_blended_scene_chunks_mmr_k12,topiccards_blended_scene_chunks_mmr_k12,2026-03-05T04:38:01Z,,,db/chroma_db_scene,,,,,,,db/chroma_db_scene,mmr,12,False,q4,Why does Dwight dislike Jim? Give 3 reasons with examples,False,True,False,0,0,0,0,,,,,True,,0,,
experiments/runs/2026-03-05T04-38-01Z_topiccards_blended_scene_chunks_mmr_k12.json,2026-03-05T04-38-01Z_topiccards_blended_scene_chunks_mmr_k12,topiccards_blended_scene_chunks_mmr_k12,2026-03-05T04:38:01Z,,,db/chroma_db_scene,,,,,,,db/chroma_db_scene,mmr,12,False,q5,List Michael Scott’s serious girlfriends and how the relationships ended.,False,True,False,0,0,0,0,,,,,True,,0,,
experiments/runs/2026-03-05T04-38-01Z_topiccards_blended_scene_chunks_mmr_k12.json,2026-03-05T04-38-01Z_topiccards_blended_scene_chunks_mmr_k12,topiccards_blended_scene_chunks_mmr_k12,2026-03-05T04:38:01Z,,,db/chroma_db_scene,,,,,,,db/chroma_db_scene,mmr,12,False,q6,What is the teapot letter and why is it important?,False,True,False,0,0,0,0,,,,,False,,0,,True
experiments/runs/2026-03-05T04-38-01Z_topiccards_blended_scene_chunks_mmr_k12.json,2026-03-05T04-38-01Z_topiccards_blended_scene_chunks_mmr_k12,topiccards_blended_scene_chunks_mmr_k12,2026-03-05T04:38:01Z,,,db/chroma_db_scene,,,,,,,db/chroma_db_scene,mmr,12,False,q7,Who is Creed and what is his deal?,False,True,False,0,0,0,0,,,,,False,,0,,
experiments/runs/2026-03-05T04-38-14Z_topiccards_blended_scene_chunks_similarity_k12.json,2026-03-05T04-38-14Z_topiccards_blended_scene_chunks_similarity_k12,topiccards_blended_scene_chunks_similarity_k12,2026-03-05T04:38:14Z,,,db/chroma_db_scene,,,,,,,db/chroma_db_scene,similarity,12,False,q1,Find the episode where Dwight says something like 'Bears. Beets. Battlestar Galactica.' What is the context?,False,True,False,0,0,0,0,,,,,False,,0,,True
experiments/runs/2026-03-05T04-38-14Z_topiccards_blended_scene_chunks_similarity_k12.json,2026-03-05T04-38-14Z_topiccards_blended_scene_chunks_similarity_k12,topiccards_blended_scene_chunks_similarity_k12,2026-03-05T04:38:14Z,,,db/chroma_db_scene,,,,,,,db/chroma_db_scene,similarity,12,False,q2,In what episode does Michael burn his foot?,False,True,False,0,0,0,0,,,,,False,,0,,True
experiments/runs/2026-03-05T04-38-14Z_topiccards_blended_scene_chunks_similarity_k12.json,2026-03-05T04-38-14Z_topiccards_blended_scene_chunks_similarity_k12,topiccards_blended_scene_chunks_similarity_k12,2026-03-05T04:38:14Z,,,db/chroma_db_scene,,,,,,,db/chroma_db_scene,similarity,12,False,q3,Summarize season 2 of The Office.,False,True,False,0,0,0,0,,,,,True,,0,,
experiments/runs/2026-03-05T04-38-14Z_topiccards_blended_scene_chunks_similarity_k12.json,2026-03-05T04-38-14Z_topiccards_blended_scene_chunks_similarity_k12,topiccards_blended_scene_chunks_similarity_k12,2026-03-05T04:38:14Z,,,db/chroma_db_scene,,,,,,,db/chroma_db_scene,similarity,12,False,q4,Why does Dwight dislike Jim? Give 3 reasons with examples,False,True,False,0,0,0,0,,,,,True,,0,,
experiments/runs/2026-03-05T04-38-14Z_topiccards_blended_scene_chunks_similarity_k12.json,2026-03-05T04-38-14Z_topiccards_blended_scene_chunks_similarity_k12,topiccards_blended_scene_chunks_similarity_k12,2026-03-05T04:38:14Z,,,db/chroma_db_scene,,,,,,,db/chroma_db_scene,similarity,12,False,q5,List Michael Scott’s serious girlfriends and how the relationships ended.,False,True,False,0,0,0,0,,,,,True,,0,,
experiments/runs/2026-03-05T04-38-14Z_topiccards_blended_scene_chunks_similarity_k12.json,2026-03-05T04-38-14Z_topiccards_blended_scene_chunks_similarity_k12,topiccards_blended_scene_chunks_similarity_k12,2026-03-05T04:38:14Z,,,db/chroma_db_scene,,,,,,,db/chroma_db_scene,similarity,12,False,q6,What is the teapot letter and why is it important?,False,True,False,0,0,0,0,,,,,False,,0,,True
experiments/runs/2026-03-05T04-38-14Z_topiccards_blended_scene_chunks_similarity_k12.json,2026-03-05T04-38-14Z_topiccards_blended_scene_chunks_similarity_k12,topiccards_blended_scene_chunks_similarity_k12,2026-03-05T04:38:14Z,,,db/chroma_db_scene,,,,,,,db/chroma_db_scene,similarity,12,False,q7,Who is Creed and what is his deal?,False,True,False,0,0,0,0,,,,,False,,0,,
experiments/runs/2026-03-05T04-38-25Z_topiccards_blended_scene_chunks_mmr_k12_fetch80_lambda09.json,2026-03-05T04-38-25Z_topiccards_blended_scene_chunks_mmr_k12_fetch80_lambda09,topiccards_blended_scene_chunks_mmr_k12_fetch80_lambda09,2026-03-05T04:38:25Z,,,db/chroma_db_scene,,,,,,,db/chroma_db_scene,mmr,12,False,q1,Find the episode where Dwight says something like 'Bears. Beets. Battlestar Galactica.' What is the context?,False,True,False,0,0,0,0,,,,,False,,0,,True
experiments/runs/2026-03-05T04-38-25Z_topiccards_blended_scene_chunks_mmr_k12_fetch80_lambda09.json,2026-03-05T04-38-25Z_topiccards_blended_scene_chunks_mmr_k12_fetch80_lambda09,topiccards_blended_scene_chunks_mmr_k12_fetch80_lambda09,2026-03-05T04:38:25Z,,,db/chroma_db_scene,,,,,,,db/chroma_db_scene,mmr,12,False,q2,In what episode does Michael burn his foot?,False,True,False,0,0,0,0,,,,,False,,0,,True
experiments/runs/2026-03-05T04-38-25Z_topiccards_blended_scene_chunks_mmr_k12_fetch80_lambda09.json,2026-03-05T04-38-25Z_topiccards_blended_scene_chunks_mmr_k12_fetch80_lambda09,topiccards_blended_scene_chunks_mmr_k12_fetch80_lambda09,2026-03-05T04:38:25Z,,,db/chroma_db_scene,,,,,,,db/chroma_db_scene,mmr,12,False,q3,Summarize season 2 of The Office.,False,True,False,0,0,0,0,,,,,True,,0,,
experiments/runs/2026-03-05T04-38-25Z_topiccards_blended_scene_chunks_mmr_k12_fetch80_lambda09.json,2026-03-05T04-38-25Z_topiccards_blended_scene_chunks_mmr_k12_fetch80_lambda09,topiccards_blended_scene_chunks_mmr_k12_fetch80_lambda09,2026-03-05T04:38:25Z,,,db/chroma_db_scene,,,,,,,db/chroma_db_scene,mmr,12,False,q4,Why does Dwight dislike Jim? Give 3 reasons with examples,False,True,False,0,0,0,0,,,,,True,,0,,
experiments/runs/2026-03-05T04-38-25Z_topiccards_blended_scene_chunks_mmr_k12_fetch80_lambda09.json,2026-03-05T04-38-25Z_topiccards_blended_scene_chunks_mmr_k12_fetch80_lambda09,topiccards_blended_scene_chunks_mmr_k12_fetch80_lambda09,2026-03-05T04:38:25Z,,,db/chroma_db_scene,,,,,,,db/chroma_db_scene,mmr,12,False,q5,List Michael Scott’s serious girlfriends and how the relationships ended.,False,True,False,0,0,0,0,,,,,True,,0,,
experiments/runs/2026-03-05T04-38-25Z_topiccards_blended_scene_chunks_mmr_k12_fetch80_lambda09.json,2026-03-05T04-38-25Z_topiccards_blended_scene_chunks_mmr_k12_fetch80_lambda09,topiccards_blended_scene_chunks_mmr_k12_fetch80_lambda09,2026-03-05T04:38:25Z,,,db/chroma_db_scene,,,,,,,db/chroma_db_scene,mmr,12,False,q6,What is the teapot letter and why is it important?,False,True,False,0,0,0,0,,,,,False,,0,,True
experiments/runs/2026-03-05T04-38-25Z_topiccards_blended_scene_chunks_mmr_k12_fetch80_lambda09.json,2026-03-05T04-38-25Z_topiccards_blended_scene_chunks_mmr_k12_fetch80_lambda09,topiccards_blended_scene_chunks_mmr_k12_fetch80_lambda09,2026-03-05T04:38:25Z,,,db/chroma_db_scene,,,,,,,db/chroma_db_scene,mmr,12,False,q7,Who is Creed and what is his deal?,False,True,False,0,0,0,0,,,,,False,,0,,
experiments/runs/2026-03-05T04-38-37Z_topiccards_blended_scene_chunks_mmr_k12_fetch80_lambda09_w1.json,2026-03-05T04-38-37Z_topiccards_blended_scene_chunks_mmr_k12_fetch80_lambda09_w1,topiccards_blended_scene_chunks_mmr_k12_fetch80_lambda09_w1,2026-03-05T04:38:37Z,,,db/chroma_db_scene_w1,,,,,,,db/chroma_db_scene_w1,mmr,12,False,q1,Find the episode where Dwight says something like 'Bears. Beets. Battlestar Galactica.' What is the context?,False,True,False,0,0,0,0,,,,,False,,0,,True
experiments/runs/2026-03-05T04-38-37Z_topiccards_blended_scene_chunks_mmr_k12_fetch80_lambda09_w1.json,2026-03-05T04-38-37Z_topiccards_blended_scene_chunks_mmr_k12_fetch80_lambda09_w1,topiccards_blended_scene_chunks_mmr_k12_fetch80_lambda09_w1,2026-03-05T04:38:37Z,,,db/chroma_db_scene_w1,,,,,,,db/chroma_db_scene_w1,mmr,12,False,q2,In what episode does Michael burn his foot?,False,True,False,0,0,0,0,,,,,False,,0,,True
experiments/runs/2026-03-05T04-38-37Z_topiccards_blended_scene_chunks_mmr_k12_fetch80_lambda09_w1.json,2026-03-05T04-38-37Z_topiccards_blended_scene_chunks_mmr_k12_fetch80_lambda09_w1,topiccards_blended_scene_chunks_mmr_k12_fetch80_lambda09_w1,2026-03-05T04:38:37Z,,,db/chroma_db_scene_w1,,,,,,,db/chroma_db_scene_w1,mmr,12,False,q3,Summarize season 2 of The Office.,False,True,False,0,0,0,0,,,,,True,,0,,
experiments/runs/2026-03-05T04-38-37Z_topiccards_blended_scene_chunks_mmr_k12_fetch80_lambda09_w1.json,2026-03-05T04-38-37Z_topiccards_blended_scene_chunks_mmr_k12_fetch80_lambda09_w1,topiccards_blended_scene_chunks_mmr_k12_fetch80_lambda09_w1,2026-03-05T04:38:37Z,,,db/chroma_db_scene_w1,,,,,,,db/chroma_db_scene_w1,mmr,12,False,q4,Why does Dwight dislike Jim? Give 3 reasons with examples,False,True,False,0,0,0,0,,,,,True,,0,,
experiments/runs/2026-03-05T04-38-37Z_topiccards_blended_scene_chunks_mmr_k12_fetch80_lambda09_w1.json,2026-03-05T04-38-37Z_topiccards_blended_scene_chunks_mmr_k12_fetch80_lambda09_w1,topiccards_blended_scene_chunks_mmr_k12_fetch80_lambda09_w1,2026-03-05T04:38:37Z,,,db/chroma_db_scene_w1,,,,,,,db/chroma_db_scene_w1,mmr,12,False,q5,List Michael Scott’s serious girlfriends and how the relationships ended.,False,True,False,0,0,0,0,,,,,True,,0,,
experiments/runs/2026-03-05T04-38-37Z_topiccards_blended_scene_chunks_mmr_k12_fetch80_lambda09_w1.json,2026-03-05T04-38-37Z_topiccards_blended_scene_chunks_mmr_k12_fetch80_lambda09_w1,topiccards_blended_scene_chunks_mmr_k12_fetch80_lambda09_w1,2026-03-05T04:38:37Z,,,db/chroma_db_scene_w1,,,,,,,db/chroma_db_scene_w1,mmr,12,False,q6,What is the teapot letter and why is it important?,False,True,False,0,0,0,0,,,,,False,,0,,True
experiments/runs/2026-03-05T04-38-37Z_topiccards_blended_scene_chunks_mmr_k12_fetch80_lambda09_w1.json,2026-03-05T04-38-37Z_topiccards_blended_scene_chunks_mmr_k12_fetch80_lambda09_w1,topiccards_blended_scene_chunks_mmr_k12_fetch80_lambda09_w1,2026-03-05T04:38:37Z,,,db/chroma_db_scene_w1,,,,,,,db/chroma_db_scene_w1,mmr,12,False,q7,Who is Creed and what is his deal?,False,True,False,0,0,0,0,,,,,False,,0,,
experiments/runs/2026-03-05T04-38-50Z_topiccards_blended_qe_rrf_similarity_k12.json,2026-03-05T04-38-50Z_topiccards_blended_qe_rrf_similarity_k12,topiccards_blended_qe_rrf_similarity_k12,2026-03-05T04:38:50Z,,,db/chroma_db,,,,,,,db/chroma_db,similarity,12,True,q1,Find the episode where Dwight says something like 'Bears. Beets. Battlestar Galactica.' What is the context?,True,False,True,12,10299,9,9,0.25,0.9533522741071694,0.25,0.25,False,84.15,0,False,False
experiments/runs/2026-03-05T04-38-50Z_topiccards_blended_qe_rrf_similarity_k12.json,2026-03-05T04-38-50Z_topiccards_blended_qe_rrf_similarity_k12,topiccards_blended_qe_rrf_similarity_k12,2026-03-05T04:38:50Z,,,db/chroma_db,,,,,,,db/chroma_db,similarity,12,True,q2,In what episode does Michael burn his foot?,True,False,True,9,8358,3,4,0.6666666666666666,0.7725068857142601,0.5555555555555556,0.6666666666666667,False,53.1,0,False,False
experiments/runs/2026-03-05T04-38-50Z_topiccards_blended_qe_rrf_similarity_k12.json,2026-03-05T04-38-50Z_topiccards_blended_qe_rrf_similarity_k12,topiccards_blended_qe_rrf_similarity_k12,2026-03-05T04:38:50Z,,,db/chroma_db,,,,,,,db/chroma_db,similarity,12,True,q3,Summarize season 2 of The Office.,True,False,True,12,1986,12,12,0.08333333333333333,1.0000000000000004,0.0,0.0,True,97.08,0,False,
experiments/runs/2026-03-05T04-38-50Z_topiccards_blended_qe_rrf_similarity_k12.json,2026-03-05T04-38-50Z_topiccards_blended_qe_rrf_similarity_k12,topiccards_blended_qe_rrf_similarity_k12,2026-03-05T04:38:50Z,,,db/chroma_db,,,,,,,db/chroma_db,similarity,12,True,q4,Why does Dwight dislike Jim? Give 3 reasons with examples,True,False,False,12,9938,10,10,0.25,0.9599009323677093,0.16666666666666663,0.16666666666666663,True,86.11,0,False,
experiments/runs/2026-03-05T04-38-50Z_topiccards_blended_qe_rrf_similarity_k12.json,2026-03-05T04-38-50Z_topiccards_blended_qe_rrf_similarity_k12,topiccards_blended_qe_rrf_similarity_k12,2026-03-05T04:38:50Z,,,db/chroma_db,,,,,,,db/chroma_db,similarity,12,True,q5,List Michael Scott’s serious girlfriends and how the relationships ended.,True,False,False,12,13861,12,12,0.08333333333333333,1.0000000000000004,0.0,0.0,True,97.08,0,False,
experiments/runs/2026-03-05T04-38-50Z_topiccards_blended_qe_rrf_similarity_k12.json,2026-03-05T04-38-50Z_topiccards_blended_qe_rrf_similarity_k12,topiccards_blended_qe_rrf_similarity_k12,2026-03-05T04:38:50Z,,,db/chroma_db,,,,,,,db/chroma_db,similarity,12,True,q6,What is the teapot letter and why is it important?,True,False,False,12,10338,11,11,0.16666666666666666,0.9881090915741209,0.08333333333333337,0.08333333333333337,False,91.96,0,False,False
experiments/runs/2026-03-05T04-38-50Z_topiccards_blended_qe_rrf_similarity_k12.json,2026-03-05T04-38-50Z_topiccards_blended_qe_rrf_similarity_k12,topiccards_blended_qe_rrf_similarity_k12,2026-03-05T04:38:50Z,,,db/chroma_db,,,,,,,db/chroma_db,similarity,12,True,q7,Who is Creed and what is his deal?,True,False,True,12,7977,9,9,0.16666666666666666,0.9731973151785932,0.25,0.25,False,87.96,0,False,
experiments/runs/2026-03-05T04-39-32Z_topiccards_blended_qe_rrf_mmr_k12.json,2026-03-05T04-39-32Z_topiccards_blended_qe_rrf_mmr_k12,topiccards_blended_qe_rrf_mmr_k12,2026-03-05T04:39:32Z,,,db/chroma_db,,,,,,,db/chroma_db,mmr,12,True,q1,Find the episode where Dwight says something like 'Bears. Beets. Battlestar Galactica.' What is the context?,True,False,True,12,10299,9,9,0.25,0.9533522741071694,0.25,0.25,False,84.15,0,False,False
experiments/runs/2026-03-05T04-39-32Z_topiccards_blended_qe_rrf_mmr_k12.json,2026-03-05T04-39-32Z_topiccards_blended_qe_rrf_mmr_k12,topiccards_blended_qe_rrf_mmr_k12,2026-03-05T04:39:32Z,,,db/chroma_db,,,,,,,db/chroma_db,mmr,12,True,q2,In what episode does Michael burn his foot?,True,False,True,9,8358,3,4,0.6666666666666666,0.7725068857142601,0.5555555555555556,0.6666666666666667,False,53.1,0,False,False
experiments/runs/2026-03-05T04-39-32Z_topiccards_blended_qe_rrf_mmr_k12.json,2026-03-05T04-39-32Z_topiccards_blended_qe_rrf_mmr_k12,topiccards_blended_qe_rrf_mmr_k12,2026-03-05T04:39:32Z,,,db/chroma_db,,,,,,,db/chroma_db,mmr,12,True,q3,Summarize season 2 of The Office.,True,False,True,12,1986,12,12,0.08333333333333333,1.0000000000000004,0.0,0.0,True,97.08,0,False,
experiments/runs/2026-03-05T04-39-32Z_topiccards_blended_qe_rrf_mmr_k12.json,2026-03-05T04-39-32Z_topiccards_blended_qe_rrf_mmr_k12,topiccards_blended_qe_rrf_mmr_k12,2026-03-05T04:39:32Z,,,db/chroma_db,,,,,,,db/chroma_db,mmr,12,True,q4,Why does Dwight dislike Jim? Give 3 reasons with examples,True,False,False,12,9938,10,10,0.25,0.9599009323677093,0.16666666666666663,0.16666666666666663,True,86.11,0,False,
experiments/runs/2026-03-05T04-39-32Z_topiccards_blended_qe_rrf_mmr_k12.json,2026-03-05T04-39-32Z_topiccards_blended_qe_rrf_mmr_k12,topiccards_blended_qe_rrf_mmr_k12,2026-03-05T04:39:32Z,,,db/chroma_db,,,,,,,db/chroma_db,mmr,12,True,q5,List Michael Scott’s serious girlfriends and how the relationships ended.,True,False,False,12,13861,12,12,0.08333333333333333,1.0000000000000004,0.0,0.0,True,97.08,0,False,
experiments/runs/2026-03-05T04-39-32Z_topiccards_blended_qe_rrf_mmr_k12.json,2026-03-05T04-39-32Z_topiccards_blended_qe_rrf_mmr_k12,topiccards_blended_qe_rrf_mmr_k12,2026-03-05T04:39:32Z,,,db/chroma_db,,,,,,,db/chroma_db,mmr,12,True,q6,What is the teapot letter and why is it important?,True,False,False,12,10338,11,11,0.16666666666666666,0.9881090915741209,0.08333333333333337,0.08333333333333337,False,91.96,0,False,False
experiments/runs/2026-03-05T04-39-32Z_topiccards_blended_qe_rrf_mmr_k12.json,2026-03-05T04-39-32Z_topiccards_blended_qe_rrf_mmr_k12,topiccards_blended_qe_rrf_mmr_k12,2026-03-05T04:39:32Z,,,db/chroma_db,,,,,,,db/chroma_db,mmr,12,True,q7,Who is Creed and what is his deal?,True,False,True,12,7977,9,9,0.16666666666666666,0.9731973151785932,0.25,0.25,False,87.96,0,False,
experiments/runs/2026-03-05T04-41-53Z_topiccards_blended_baseline_similarity_k3.json,2026-03-05T04-41-53Z_topiccards_blended_baseline_similarity_k3,topiccards_blended_baseline_similarity_k3,2026-03-05T04:41:53Z,,,db/chroma_db,,,,,,,db/chroma_db,similarity,3,False,q1,Find the episode where Dwight says something like 'Bears. Beets. Battlestar Galactica.' What is the context?,True,False,True,3,2557,3,3,0.3333333333333333,0.9999999999999998,0.0,0.0,False,88.33,0,False,False
experiments/runs/2026-03-05T04-41-53Z_topiccards_blended_baseline_similarity_k3.json,2026-03-05T04-41-53Z_topiccards_blended_baseline_similarity_k3,topiccards_blended_baseline_similarity_k3,2026-03-05T04:41:53Z,,,db/chroma_db,,,,,,,db/chroma_db,similarity,3,False,q2,In what episode does Michael burn his foot?,True,False,True,3,1707,1,2,1.0,,0.33333333333333337,0.6666666666666667,False,6.67,0,False,False
experiments/runs/2026-03-05T04-41-53Z_topiccards_blended_baseline_similarity_k3.json,2026-03-05T04-41-53Z_topiccards_blended_baseline_similarity_k3,topiccards_blended_baseline_similarity_k3,2026-03-05T04:41:53Z,,,db/chroma_db,,,,,,,db/chroma_db,similarity,3,False,q3,Summarize season 2 of The Office.,True,False,True,3,270,3,3,0.3333333333333333,0.9999999999999998,0.0,0.0,True,88.33,0,False,
experiments/runs/2026-03-05T04-41-53Z_topiccards_blended_baseline_similarity_k3.json,2026-03-05T04-41-53Z_topiccards_blended_baseline_similarity_k3,topiccards_blended_baseline_similarity_k3,2026-03-05T04:41:53Z,,,db/chroma_db,,,,,,,db/chroma_db,similarity,3,False,q4,Why does Dwight dislike Jim? Give 3 reasons with examples,True,False,False,3,3526,3,3,0.3333333333333333,0.9999999999999998,0.0,0.0,True,88.33,0,False,
experiments/runs/2026-03-05T04-41-53Z_topiccards_blended_baseline_similarity_k3.json,2026-03-05T04-41-53Z_topiccards_blended_baseline_similarity_k3,topiccards_blended_baseline_similarity_k3,2026-03-05T04:41:53Z,,,db/chroma_db,,,,,,,db/chroma_db,similarity,3,False,q5,List Michael Scott’s serious girlfriends and how the relationships ended.,True,False,True,3,3838,3,3,0.3333333333333333,0.9999999999999998,0.0,0.0,True,88.33,1,True,
experiments/runs/2026-03-05T04-41-53Z_topiccards_blended_baseline_similarity_k3.json,2026-03-05T04-41-53Z_topiccards_blended_baseline_similarity_k3,topiccards_blended_baseline_similarity_k3,2026-03-05T04:41:53Z,,,db/chroma_db,,,,,,,db/chroma_db,similarity,3,False,q6,What is the teapot letter and why is it important?,True,True,False,3,3002,3,3,0.3333333333333333,0.9999999999999998,0.0,0.0,False,88.33,0,,True
experiments/runs/2026-03-05T04-41-53Z_topiccards_blended_baseline_similarity_k3.json,2026-03-05T04-41-53Z_topiccards_blended_baseline_similarity_k3,topiccards_blended_baseline_similarity_k3,2026-03-05T04:41:53Z,,,db/chroma_db,,,,,,,db/chroma_db,similarity,3,False,q7,Who is Creed and what is his deal?,True,False,False,3,1972,2,2,0.6666666666666666,0.9182958340544894,0.33333333333333337,0.33333333333333337,False,66.32,0,False,
experiments/runs/2026-03-05T04-42-13Z_topiccards_blended_t1_similarity_k12.json,2026-03-05T04-42-13Z_topiccards_blended_t1_similarity_k12,topiccards_blended_t1_similarity_k12,2026-03-05T04:42:13Z,,,db/chroma_db,,,,,,,db/chroma_db,similarity,12,False,q1,Find the episode where Dwight says something like 'Bears. Beets. Battlestar Galactica.' What is the context?,True,False,True,12,11838,11,11,0.16666666666666666,0.9881090915741209,0.08333333333333337,0.08333333333333337,False,91.96,0,False,False
experiments/runs/2026-03-05T04-42-13Z_topiccards_blended_t1_similarity_k12.json,2026-03-05T04-42-13Z_topiccards_blended_t1_similarity_k12,topiccards_blended_t1_similarity_k12,2026-03-05T04:42:13Z,,,db/chroma_db,,,,,,,db/chroma_db,similarity,12,False,q2,In what episode does Michael burn his foot?,True,False,True,12,9532,5,6,0.5833333333333334,0.766893743799275,0.5,0.5833333333333333,False,57.43,0,False,False
experiments/runs/2026-03-05T04-42-13Z_topiccards_blended_t1_similarity_k12.json,2026-03-05T04-42-13Z_topiccards_blended_t1_similarity_k12,topiccards_blended_t1_similarity_k12,2026-03-05T04:42:13Z,,,db/chroma_db,,,,,,,db/chroma_db,similarity,12,False,q3,Summarize season 2 of The Office.,True,False,True,12,2837,11,12,0.16666666666666666,0.9881090915741209,0.0,0.08333333333333337,True,91.96,0,False,
experiments/runs/2026-03-05T04-42-13Z_topiccards_blended_t1_similarity_k12.json,2026-03-05T04-42-13Z_topiccards_blended_t1_similarity_k12,topiccards_blended_t1_similarity_k12,2026-03-05T04:42:13Z,,,db/chroma_db,,,,,,,db/chroma_db,similarity,12,False,q4,Why does Dwight dislike Jim? Give 3 reasons with examples,True,False,False,12,10902,9,9,0.25,0.9533522741071694,0.25,0.25,True,84.15,0,False,
experiments/runs/2026-03-05T04-42-13Z_topiccards_blended_t1_similarity_k12.json,2026-03-05T04-42-13Z_topiccards_blended_t1_similarity_k12,topiccards_blended_t1_similarity_k12,2026-03-05T04:42:13Z,,,db/chroma_db,,,,,,,db/chroma_db,similarity,12,False,q5,List Michael Scott’s serious girlfriends and how the relationships ended.,True,False,False,12,14160,10,11,0.16666666666666666,0.9788379141596312,0.08333333333333337,0.16666666666666663,True,89.88,0,False,
experiments/runs/2026-03-05T04-42-13Z_topiccards_blended_t1_similarity_k12.json,2026-03-05T04-42-13Z_topiccards_blended_t1_similarity_k12,topiccards_blended_t1_similarity_k12,2026-03-05T04:42:13Z,,,db/chroma_db,,,,,,,db/chroma_db,similarity,12,False,q6,What is the teapot letter and why is it important?,True,False,True,12,10468,10,10,0.25,0.9599009323677093,0.16666666666666663,0.16666666666666663,False,86.11,2,True,False
experiments/runs/2026-03-05T04-42-13Z_topiccards_blended_t1_similarity_k12.json,2026-03-05T04-42-13Z_topiccards_blended_t1_similarity_k12,topiccards_blended_t1_similarity_k12,2026-03-05T04:42:13Z,,,db/chroma_db,,,,,,,db/chroma_db,similarity,12,False,q7,Who is Creed and what is his deal?,True,False,False,12,6540,8,8,0.25,0.9517961807358447,0.33333333333333337,0.33333333333333337,False,82.41,0,False,
experiments/runs/2026-03-05T04-42-44Z_topiccards_blended_t2_mmr_k12_fetch40_l07_fixed.json,2026-03-05T04-42-44Z_topiccards_blended_t2_mmr_k12_fetch40_l07_fixed,topiccards_blended_t2_mmr_k12_fetch40_l07_fixed,2026-03-05T04:42:44Z,,,db/chroma_db,,,,,,,db/chroma_db,mmr,12,False,q1,Find the episode where Dwight says something like 'Bears. Beets. Battlestar Galactica.' What is the context?,True,False,True,12,11979,12,12,0.08333333333333333,1.0000000000000004,0.0,0.0,False,97.08,0,False,False
experiments/runs/2026-03-05T04-42-44Z_topiccards_blended_t2_mmr_k12_fetch40_l07_fixed.json,2026-03-05T04-42-44Z_topiccards_blended_t2_mmr_k12_fetch40_l07_fixed,topiccards_blended_t2_mmr_k12_fetch40_l07_fixed,2026-03-05T04:42:44Z,,,db/chroma_db,,,,,,,db/chroma_db,mmr,12,False,q2,In what episode does Michael burn his foot?,True,False,True,12,9532,5,6,0.5833333333333334,0.766893743799275,0.5,0.5833333333333333,False,57.43,0,False,False
experiments/runs/2026-03-05T04-42-44Z_topiccards_blended_t2_mmr_k12_fetch40_l07_fixed.json,2026-03-05T04-42-44Z_topiccards_blended_t2_mmr_k12_fetch40_l07_fixed,topiccards_blended_t2_mmr_k12_fetch40_l07_fixed,2026-03-05T04:42:44Z,,,db/chroma_db,,,,,,,db/chroma_db,mmr,12,False,q3,Summarize season 2 of The Office.,True,False,True,12,2837,11,12,0.16666666666666666,0.9881090915741209,0.0,0.08333333333333337,True,91.96,0,False,
experiments/runs/2026-03-05T04-42-44Z_topiccards_blended_t2_mmr_k12_fetch40_l07_fixed.json,2026-03-05T04-42-44Z_topiccards_blended_t2_mmr_k12_fetch40_l07_fixed,topiccards_blended_t2_mmr_k12_fetch40_l07_fixed,2026-03-05T04:42:44Z,,,db/chroma_db,,,,,,,db/chroma_db,mmr,12,False,q4,Why does Dwight dislike Jim? Give 3 reasons with examples,True,False,False,12,10902,9,9,0.25,0.9533522741071694,0.25,0.25,True,84.15,0,False,
experiments/runs/2026-03-05T04-42-44Z_topiccards_blended_t2_mmr_k12_fetch40_l07_fixed.json,2026-03-05T04-42-44Z_topiccards_blended_t2_mmr_k12_fetch40_l07_fixed,topiccards_blended_t2_mmr_k12_fetch40_l07_fixed,2026-03-05T04:42:44Z,,,db/chroma_db,,,,,,,db/chroma_db,mmr,12,False,q5,List Michael Scott’s serious girlfriends and how the relationships ended.,True,False,False,12,14160,10,11,0.16666666666666666,0.9788379141596312,0.08333333333333337,0.16666666666666663,True,89.88,0,False,
experiments/runs/2026-03-05T04-42-44Z_topiccards_blended_t2_mmr_k12_fetch40_l07_fixed.json,2026-03-05T04-42-44Z_topiccards_blended_t2_mmr_k12_fetch40_l07_fixed,topiccards_blended_t2_mmr_k12_fetch40_l07_fixed,2026-03-05T04:42:44Z,,,db/chroma_db,,,,,,,db/chroma_db,mmr,12,False,q6,What is the teapot letter and why is it important?,True,False,True,12,10620,11,11,0.16666666666666666,0.9881090915741209,0.08333333333333337,0.08333333333333337,False,91.96,1,True,False
experiments/runs/2026-03-05T04-42-44Z_topiccards_blended_t2_mmr_k12_fetch40_l07_fixed.json,2026-03-05T04-42-44Z_topiccards_blended_t2_mmr_k12_fetch40_l07_fixed,topiccards_blended_t2_mmr_k12_fetch40_l07_fixed,2026-03-05T04:42:44Z,,,db/chroma_db,,,,,,,db/chroma_db,mmr,12,False,q7,Who is Creed and what is his deal?,True,False,False,12,6540,8,8,0.25,0.9517961807358447,0.33333333333333337,0.33333333333333337,False,82.41,0,True,
experiments/runs/2026-03-05T04-43-14Z_topiccards_blended_scene_chunks_mmr_k12.json,2026-03-05T04-43-14Z_topiccards_blended_scene_chunks_mmr_k12,topiccards_blended_scene_chunks_mmr_k12,2026-03-05T04:43:14Z,,,db/chroma_db_scene,,,,,,,db/chroma_db_scene,mmr,12,False,q1,Find the episode where Dwight says something like 'Bears. Beets. Battlestar Galactica.' What is the context?,False,True,False,0,0,0,0,,,,,False,,0,,True
experiments/runs/2026-03-05T04-43-14Z_topiccards_blended_scene_chunks_mmr_k12.json,2026-03-05T04-43-14Z_topiccards_blended_scene_chunks_mmr_k12,topiccards_blended_scene_chunks_mmr_k12,2026-03-05T04:43:14Z,,,db/chroma_db_scene,,,,,,,db/chroma_db_scene,mmr,12,False,q2,In what episode does Michael burn his foot?,False,True,False,0,0,0,0,,,,,False,,0,,True
experiments/runs/2026-03-05T04-43-14Z_topiccards_blended_scene_chunks_mmr_k12.json,2026-03-05T04-43-14Z_topiccards_blended_scene_chunks_mmr_k12,topiccards_blended_scene_chunks_mmr_k12,2026-03-05T04:43:14Z,,,db/chroma_db_scene,,,,,,,db/chroma_db_scene,mmr,12,False,q3,Summarize season 2 of The Office.,False,True,False,0,0,0,0,,,,,True,,0,,
experiments/runs/2026-03-05T04-43-14Z_topiccards_blended_scene_chunks_mmr_k12.json,2026-03-05T04-43-14Z_topiccards_blended_scene_chunks_mmr_k12,topiccards_blended_scene_chunks_mmr_k12,2026-03-05T04:43:14Z,,,db/chroma_db_scene,,,,,,,db/chroma_db_scene,mmr,12,False,q4,Why does Dwight dislike Jim? Give 3 reasons with examples,False,True,False,0,0,0,0,,,,,True,,0,,
experiments/runs/2026-03-05T04-43-14Z_topiccards_blended_scene_chunks_mmr_k12.json,2026-03-05T04-43-14Z_topiccards_blended_scene_chunks_mmr_k12,topiccards_blended_scene_chunks_mmr_k12,2026-03-05T04:43:14Z,,,db/chroma_db_scene,,,,,,,db/chroma_db_scene,mmr,12,False,q5,List Michael Scott’s serious girlfriends and how the relationships ended.,False,True,False,0,0,0,0,,,,,True,,0,,
experiments/runs/2026-03-05T04-43-14Z_topiccards_blended_scene_chunks_mmr_k12.json,2026-03-05T04-43-14Z_topiccards_blended_scene_chunks_mmr_k12,topiccards_blended_scene_chunks_mmr_k12,2026-03-05T04:43:14Z,,,db/chroma_db_scene,,,,,,,db/chroma_db_scene,mmr,12,False,q6,What is the teapot letter and why is it important?,False,True,False,0,0,0,0,,,,,False,,0,,True
experiments/runs/2026-03-05T04-43-14Z_topiccards_blended_scene_chunks_mmr_k12.json,2026-03-05T04-43-14Z_topiccards_blended_scene_chunks_mmr_k12,topiccards_blended_scene_chunks_mmr_k12,2026-03-05T04:43:14Z,,,db/chroma_db_scene,,,,,,,db/chroma_db_scene,mmr,12,False,q7,Who is Creed and what is his deal?,False,True,False,0,0,0,0,,,,,False,,0,,
experiments/runs/2026-03-05T04-43-27Z_topiccards_blended_scene_chunks_similarity_k12.json,2026-03-05T04-43-27Z_topiccards_blended_scene_chunks_similarity_k12,topiccards_blended_scene_chunks_similarity_k12,2026-03-05T04:43:27Z,,,db/chroma_db_scene,,,,,,,db/chroma_db_scene,similarity,12,False,q1,Find the episode where Dwight says something like 'Bears. Beets. Battlestar Galactica.' What is the context?,False,True,False,0,0,0,0,,,,,False,,0,,True
experiments/runs/2026-03-05T04-43-27Z_topiccards_blended_scene_chunks_similarity_k12.json,2026-03-05T04-43-27Z_topiccards_blended_scene_chunks_similarity_k12,topiccards_blended_scene_chunks_similarity_k12,2026-03-05T04:43:27Z,,,db/chroma_db_scene,,,,,,,db/chroma_db_scene,similarity,12,False,q2,In what episode does Michael burn his foot?,False,True,False,0,0,0,0,,,,,False,,0,,True
experiments/runs/2026-03-05T04-43-27Z_topiccards_blended_scene_chunks_similarity_k12.json,2026-03-05T04-43-27Z_topiccards_blended_scene_chunks_similarity_k12,topiccards_blended_scene_chunks_similarity_k12,2026-03-05T04:43:27Z,,,db/chroma_db_scene,,,,,,,db/chroma_db_scene,similarity,12,False,q3,Summarize season 2 of The Office.,False,True,False,0,0,0,0,,,,,True,,0,,
experiments/runs/2026-03-05T04-43-27Z_topiccards_blended_scene_chunks_similarity_k12.json,2026-03-05T04-43-27Z_topiccards_blended_scene_chunks_similarity_k12,topiccards_blended_scene_chunks_similarity_k12,2026-03-05T04:43:27Z,,,db/chroma_db_scene,,,,,,,db/chroma_db_scene,similarity,12,False,q4,Why does Dwight dislike Jim? Give 3 reasons with examples,False,True,False,0,0,0,0,,,,,True,,0,,
experiments/runs/2026-03-05T04-43-27Z_topiccards_blended_scene_chunks_similarity_k12.json,2026-03-05T04-43-27Z_topiccards_blended_scene_chunks_similarity_k12,topiccards_blended_scene_chunks_similarity_k12,2026-03-05T04:43:27Z,,,db/chroma_db_scene,,,,,,,db/chroma_db_scene,similarity,12,False,q5,List Michael Scott’s serious girlfriends and how the relationships ended.,False,True,False,0,0,0,0,,,,,True,,0,,
experiments/runs/2026-03-05T04-43-27Z_topiccards_blended_scene_chunks_similarity_k12.json,2026-03-05T04-43-27Z_topiccards_blended_scene_chunks_similarity_k12,topiccards_blended_scene_chunks_similarity_k12,2026-03-05T04:43:27Z,,,db/chroma_db_scene,,,,,,,db/chroma_db_scene,similarity,12,False,q6,What is the teapot letter and why is it important?,False,True,False,0,0,0,0,,,,,False,,0,,True
experiments/runs/2026-03-05T04-43-27Z_topiccards_blended_scene_chunks_similarity_k12.json,2026-03-05T04-43-27Z_topiccards_blended_scene_chunks_similarity_k12,topiccards_blended_scene_chunks_similarity_k12,2026-03-05T04:43:27Z,,,db/chroma_db_scene,,,,,,,db/chroma_db_scene,similarity,12,False,q7,Who is Creed and what is his deal?,False,True,False,0,0,0,0,,,,,False,,0,,
experiments/runs/2026-03-05T04-43-36Z_topiccards_blended_scene_chunks_mmr_k12_fetch80_lambda09.json,2026-03-05T04-43-36Z_topiccards_blended_scene_chunks_mmr_k12_fetch80_lambda09,topiccards_blended_scene_chunks_mmr_k12_fetch80_lambda09,2026-03-05T04:43:36Z,,,db/chroma_db_scene,,,,,,,db/chroma_db_scene,mmr,12,False,q1,Find the episode where Dwight says something like 'Bears. Beets. Battlestar Galactica.' What is the context?,False,True,False,0,0,0,0,,,,,False,,0,,True
experiments/runs/2026-03-05T04-43-36Z_topiccards_blended_scene_chunks_mmr_k12_fetch80_lambda09.json,2026-03-05T04-43-36Z_topiccards_blended_scene_chunks_mmr_k12_fetch80_lambda09,topiccards_blended_scene_chunks_mmr_k12_fetch80_lambda09,2026-03-05T04:43:36Z,,,db/chroma_db_scene,,,,,,,db/chroma_db_scene,mmr,12,False,q2,In what episode does Michael burn his foot?,False,True,False,0,0,0,0,,,,,False,,0,,True
experiments/runs/2026-03-05T04-43-36Z_topiccards_blended_scene_chunks_mmr_k12_fetch80_lambda09.json,2026-03-05T04-43-36Z_topiccards_blended_scene_chunks_mmr_k12_fetch80_lambda09,topiccards_blended_scene_chunks_mmr_k12_fetch80_lambda09,2026-03-05T04:43:36Z,,,db/chroma_db_scene,,,,,,,db/chroma_db_scene,mmr,12,False,q3,Summarize season 2 of The Office.,False,True,False,0,0,0,0,,,,,True,,0,,
experiments/runs/2026-03-05T04-43-36Z_topiccards_blended_scene_chunks_mmr_k12_fetch80_lambda09.json,2026-03-05T04-43-36Z_topiccards_blended_scene_chunks_mmr_k12_fetch80_lambda09,topiccards_blended_scene_chunks_mmr_k12_fetch80_lambda09,2026-03-05T04:43:36Z,,,db/chroma_db_scene,,,,,,,db/chroma_db_scene,mmr,12,False,q4,Why does Dwight dislike Jim? Give 3 reasons with examples,False,True,False,0,0,0,0,,,,,True,,0,,
experiments/runs/2026-03-05T04-43-36Z_topiccards_blended_scene_chunks_mmr_k12_fetch80_lambda09.json,2026-03-05T04-43-36Z_topiccards_blended_scene_chunks_mmr_k12_fetch80_lambda09,topiccards_blended_scene_chunks_mmr_k12_fetch80_lambda09,2026-03-05T04:43:36Z,,,db/chroma_db_scene,,,,,,,db/chroma_db_scene,mmr,12,False,q5,List Michael Scott’s serious girlfriends and how the relationships ended.,False,True,False,0,0,0,0,,,,,True,,0,,
experiments/runs/2026-03-05T04-43-36Z_topiccards_blended_scene_chunks_mmr_k12_fetch80_lambda09.json,2026-03-05T04-43-36Z_topiccards_blended_scene_chunks_mmr_k12_fetch80_lambda09,topiccards_blended_scene_chunks_mmr_k12_fetch80_lambda09,2026-03-05T04:43:36Z,,,db/chroma_db_scene,,,,,,,db/chroma_db_scene,mmr,12,False,q6,What is the teapot letter and why is it important?,False,True,False,0,0,0,0,,,,,False,,0,,True
experiments/runs/2026-03-05T04-43-36Z_topiccards_blended_scene_chunks_mmr_k12_fetch80_lambda09.json,2026-03-05T04-43-36Z_topiccards_blended_scene_chunks_mmr_k12_fetch80_lambda09,topiccards_blended_scene_chunks_mmr_k12_fetch80_lambda09,2026-03-05T04:43:36Z,,,db/chroma_db_scene,,,,,,,db/chroma_db_scene,mmr,12,False,q7,Who is Creed and what is his deal?,False,True,False,0,0,0,0,,,,,False,,0,,
experiments/runs/2026-03-05T04-43-47Z_topiccards_blended_scene_chunks_mmr_k12_fetch80_lambda09_w1.json,2026-03-05T04-43-47Z_topiccards_blended_scene_chunks_mmr_k12_fetch80_lambda09_w1,topiccards_blended_scene_chunks_mmr_k12_fetch80_lambda09_w1,2026-03-05T04:43:47Z,,,db/chroma_db_scene_w1,,,,,,,db/chroma_db_scene_w1,mmr,12,False,q1,Find the episode where Dwight says something like 'Bears. Beets. Battlestar Galactica.' What is the context?,False,True,False,0,0,0,0,,,,,False,,0,,True
experiments/runs/2026-03-05T04-43-47Z_topiccards_blended_scene_chunks_mmr_k12_fetch80_lambda09_w1.json,2026-03-05T04-43-47Z_topiccards_blended_scene_chunks_mmr_k12_fetch80_lambda09_w1,topiccards_blended_scene_chunks_mmr_k12_fetch80_lambda09_w1,2026-03-05T04:43:47Z,,,db/chroma_db_scene_w1,,,,,,,db/chroma_db_scene_w1,mmr,12,False,q2,In what episode does Michael burn his foot?,False,True,False,0,0,0,0,,,,,False,,0,,True
experiments/runs/2026-03-05T04-43-47Z_topiccards_blended_scene_chunks_mmr_k12_fetch80_lambda09_w1.json,2026-03-05T04-43-47Z_topiccards_blended_scene_chunks_mmr_k12_fetch80_lambda09_w1,topiccards_blended_scene_chunks_mmr_k12_fetch80_lambda09_w1,2026-03-05T04:43:47Z,,,db/chroma_db_scene_w1,,,,,,,db/chroma_db_scene_w1,mmr,12,False,q3,Summarize season 2 of The Office.,False,True,False,0,0,0,0,,,,,True,,0,,
experiments/runs/2026-03-05T04-43-47Z_topiccards_blended_scene_chunks_mmr_k12_fetch80_lambda09_w1.json,2026-03-05T04-43-47Z_topiccards_blended_scene_chunks_mmr_k12_fetch80_lambda09_w1,topiccards_blended_scene_chunks_mmr_k12_fetch80_lambda09_w1,2026-03-05T04:43:47Z,,,db/chroma_db_scene_w1,,,,,,,db/chroma_db_scene_w1,mmr,12,False,q4,Why does Dwight dislike Jim? Give 3 reasons with examples,False,True,False,0,0,0,0,,,,,True,,0,,
experiments/runs/2026-03-05T04-43-47Z_topiccards_blended_scene_chunks_mmr_k12_fetch80_lambda09_w1.json,2026-03-05T04-43-47Z_topiccards_blended_scene_chunks_mmr_k12_fetch80_lambda09_w1,topiccards_blended_scene_chunks_mmr_k12_fetch80_lambda09_w1,2026-03-05T04:43:47Z,,,db/chroma_db_scene_w1,,,,,,,db/chroma_db_scene_w1,mmr,12,False,q5,List Michael Scott’s serious girlfriends and how the relationships ended.,False,True,False,0,0,0,0,,,,,True,,0,,
experiments/runs/2026-03-05T04-43-47Z_topiccards_blended_scene_chunks_mmr_k12_fetch80_lambda09_w1.json,2026-03-05T04-43-47Z_topiccards_blended_scene_chunks_mmr_k12_fetch80_lambda09_w1,topiccards_blended_scene_chunks_mmr_k12_fetch80_lambda09_w1,2026-03-05T04:43:47Z,,,db/chroma_db_scene_w1,,,,,,,db/chroma_db_scene_w1,mmr,12,False,q6,What is the teapot letter and why is it important?,False,True,False,0,0,0,0,,,,,False,,0,,True
experiments/runs/2026-03-05T04-43-47Z_topiccards_blended_scene_chunks_mmr_k12_fetch80_lambda09_w1.json,2026-03-05T04-43-47Z_topiccards_blended_scene_chunks_mmr_k12_fetch80_lambda09_w1,topiccards_blended_scene_chunks_mmr_k12_fetch80_lambda09_w1,2026-03-05T04:43:47Z,,,db/chroma_db_scene_w1,,,,,,,db/chroma_db_scene_w1,mmr,12,False,q7,Who is Creed and what is his deal?,False,True,False,0,0,0,0,,,,,False,,0,,
experiments/runs/2026-03-05T04-43-57Z_topiccards_blended_qe_rrf_similarity_k12.json,2026-03-05T04-43-57Z_topiccards_blended_qe_rrf_similarity_k12,topiccards_blended_qe_rrf_similarity_k12,2026-03-05T04:43:57Z,,,db/chroma_db,,,,,,,db/chroma_db,similarity,12,True,q1,Find the episode where Dwight says something like 'Bears. Beets. Battlestar Galactica.' What is the context?,True,False,True,12,10299,9,9,0.25,0.9533522741071694,0.25,0.25,False,84.15,0,False,False
experiments/runs/2026-03-05T04-43-57Z_topiccards_blended_qe_rrf_similarity_k12.json,2026-03-05T04-43-57Z_topiccards_blended_qe_rrf_similarity_k12,topiccards_blended_qe_rrf_similarity_k12,2026-03-05T04:43:57Z,,,db/chroma_db,,,,,,,db/chroma_db,similarity,12,True,q2,In what episode does Michael burn his foot?,True,False,True,9,8358,3,4,0.6666666666666666,0.7725068857142601,0.5555555555555556,0.6666666666666667,False,53.1,0,False,False
experiments/runs/2026-03-05T04-43-57Z_topiccards_blended_qe_rrf_similarity_k12.json,2026-03-05T04-43-57Z_topiccards_blended_qe_rrf_similarity_k12,topiccards_blended_qe_rrf_similarity_k12,2026-03-05T04:43:57Z,,,db/chroma_db,,,,,,,db/chroma_db,similarity,12,True,q3,Summarize season 2 of The Office.,True,False,True,12,1986,12,12,0.08333333333333333,1.0000000000000004,0.0,0.0,True,97.08,0,False,
experiments/runs/2026-03-05T04-43-57Z_topiccards_blended_qe_rrf_similarity_k12.json,2026-03-05T04-43-57Z_topiccards_blended_qe_rrf_similarity_k12,topiccards_blended_qe_rrf_similarity_k12,2026-03-05T04:43:57Z,,,db/chroma_db,,,,,,,db/chroma_db,similarity,12,True,q4,Why does Dwight dislike Jim? Give 3 reasons with examples,True,False,False,12,9938,10,10,0.25,0.9599009323677093,0.16666666666666663,0.16666666666666663,True,86.11,0,False,
experiments/runs/2026-03-05T04-43-57Z_topiccards_blended_qe_rrf_similarity_k12.json,2026-03-05T04-43-57Z_topiccards_blended_qe_rrf_similarity_k12,topiccards_blended_qe_rrf_similarity_k12,2026-03-05T04:43:57Z,,,db/chroma_db,,,,,,,db/chroma_db,similarity,12,True,q5,List Michael Scott’s serious girlfriends and how the relationships ended.,True,False,False,12,13861,12,12,0.08333333333333333,1.0000000000000004,0.0,0.0,True,97.08,0,False,
experiments/runs/2026-03-05T04-43-57Z_topiccards_blended_qe_rrf_similarity_k12.json,2026-03-05T04-43-57Z_topiccards_blended_qe_rrf_similarity_k12,topiccards_blended_qe_rrf_similarity_k12,2026-03-05T04:43:57Z,,,db/chroma_db,,,,,,,db/chroma_db,similarity,12,True,q6,What is the teapot letter and why is it important?,True,False,False,12,10338,11,11,0.16666666666666666,0.9881090915741209,0.08333333333333337,0.08333333333333337,False,91.96,0,False,False
experiments/runs/2026-03-05T04-43-57Z_topiccards_blended_qe_rrf_similarity_k12.json,2026-03-05T04-43-57Z_topiccards_blended_qe_rrf_similarity_k12,topiccards_blended_qe_rrf_similarity_k12,2026-03-05T04:43:57Z,,,db/chroma_db,,,,,,,db/chroma_db,similarity,12,True,q7,Who is Creed and what is his deal?,True,False,True,12,7977,9,9,0.16666666666666666,0.9731973151785932,0.25,0.25,False,87.96,0,False,
experiments/runs/2026-03-05T04-44-37Z_topiccards_blended_qe_rrf_mmr_k12.json,2026-03-05T04-44-37Z_topiccards_blended_qe_rrf_mmr_k12,topiccards_blended_qe_rrf_mmr_k12,2026-03-05T04:44:37Z,,,db/chroma_db,,,,,,,db/chroma_db,mmr,12,True,q1,Find the episode where Dwight says something like 'Bears. Beets. Battlestar Galactica.' What is the context?,True,False,True,12,10299,9,9,0.25,0.9533522741071694,0.25,0.25,False,84.15,0,False,False
experiments/runs/2026-03-05T04-44-37Z_topiccards_blended_qe_rrf_mmr_k12.json,2026-03-05T04-44-37Z_topiccards_blended_qe_rrf_mmr_k12,topiccards_blended_qe_rrf_mmr_k12,2026-03-05T04:44:37Z,,,db/chroma_db,,,,,,,db/chroma_db,mmr,12,True,q2,In what episode does Michael burn his foot?,True,False,True,9,8358,3,4,0.6666666666666666,0.7725068857142601,0.5555555555555556,0.6666666666666667,False,53.1,0,False,False
experiments/runs/2026-03-05T04-44-37Z_topiccards_blended_qe_rrf_mmr_k12.json,2026-03-05T04-44-37Z_topiccards_blended_qe_rrf_mmr_k12,topiccards_blended_qe_rrf_mmr_k12,2026-03-05T04:44:37Z,,,db/chroma_db,,,,,,,db/chroma_db,mmr,12,True,q3,Summarize season 2 of The Office.,True,False,True,12,1986,12,12,0.08333333333333333,1.0000000000000004,0.0,0.0,True,97.08,0,False,
experiments/runs/2026-03-05T04-44-37Z_topiccards_blended_qe_rrf_mmr_k12.json,2026-03-05T04-44-37Z_topiccards_blended_qe_rrf_mmr_k12,topiccards_blended_qe_rrf_mmr_k12,2026-03-05T04:44:37Z,,,db/chroma_db,,,,,,,db/chroma_db,mmr,12,True,q4,Why does Dwight dislike Jim? Give 3 reasons with examples,True,False,False,12,9938,10,10,0.25,0.9599009323677093,0.16666666666666663,0.16666666666666663,True,86.11,0,False,
experiments/runs/2026-03-05T04-44-37Z_topiccards_blended_qe_rrf_mmr_k12.json,2026-03-05T04-44-37Z_topiccards_blended_qe_rrf_mmr_k12,topiccards_blended_qe_rrf_mmr_k12,2026-03-05T04:44:37Z,,,db/chroma_db,,,,,,,db/chroma_db,mmr,12,True,q5,List Michael Scott’s serious girlfriends and how the relationships ended.,True,False,False,12,13861,12,12,0.08333333333333333,1.0000000000000004,0.0,0.0,True,97.08,0,False,
experiments/runs/2026-03-05T04-44-37Z_topiccards_blended_qe_rrf_mmr_k12.json,2026-03-05T04-44-37Z_topiccards_blended_qe_rrf_mmr_k12,topiccards_blended_qe_rrf_mmr_k12,2026-03-05T04:44:37Z,,,db/chroma_db,,,,,,,db/chroma_db,mmr,12,True,q6,What is the teapot letter and why is it important?,True,False,False,12,10338,11,11,0.16666666666666666,0.9881090915741209,0.08333333333333337,0.08333333333333337,False,91.96,0,True,False
experiments/runs/2026-03-05T04-44-37Z_topiccards_blended_qe_rrf_mmr_k12.json,2026-03-05T04-44-37Z_topiccards_blended_qe_rrf_mmr_k12,topiccards_blended_qe_rrf_mmr_k12,2026-03-05T04:44:37Z,,,db/chroma_db,,,,,,,db/chroma_db,mmr,12,True,q7,Who is Creed and what is his deal?,True,False,False,12,7977,9,9,0.16666666666666666,0.9731973151785932,0.25,0.25,False,87.96,0,False,
experiments/runs/2026-03-05T04-45-34Z_topiccards_blended_meta_qe_rrf_mmr_k12.json,2026-03-05T04-45-34Z_topiccards_blended_meta_qe_rrf_mmr_k12,topiccards_blended_meta_qe_rrf_mmr_k12,2026-03-05T04:45:34Z,,,db/chroma_db_meta,,,,,,,db/chroma_db_meta,mmr,12,True,q1,Find the episode where Dwight says something like 'Bears. Beets. Battlestar Galactica.' What is the context?,True,False,True,12,9960,10,10,0.16666666666666666,0.9788379141596312,0.16666666666666663,0.16666666666666663,False,89.88,0,False,False
experiments/runs/2026-03-05T04-45-34Z_topiccards_blended_meta_qe_rrf_mmr_k12.json,2026-03-05T04-45-34Z_topiccards_blended_meta_qe_rrf_mmr_k12,topiccards_blended_meta_qe_rrf_mmr_k12,2026-03-05T04:45:34Z,,,db/chroma_db_meta,,,,,,,db/chroma_db_meta,mmr,12,True,q2,In what episode does Michael burn his foot?,True,False,True,9,8358,3,4,0.6666666666666666,0.7725068857142601,0.5555555555555556,0.6666666666666667,False,53.1,0,False,False
experiments/runs/2026-03-05T04-45-34Z_topiccards_blended_meta_qe_rrf_mmr_k12.json,2026-03-05T04-45-34Z_topiccards_blended_meta_qe_rrf_mmr_k12,topiccards_blended_meta_qe_rrf_mmr_k12,2026-03-05T04:45:34Z,,,db/chroma_db_meta,,,,,,,db/chroma_db_meta,mmr,12,True,q3,Summarize season 2 of The Office.,True,False,True,12,1986,12,12,0.08333333333333333,1.0000000000000004,0.0,0.0,True,97.08,0,False,
experiments/runs/2026-03-05T04-45-34Z_topiccards_blended_meta_qe_rrf_mmr_k12.json,2026-03-05T04-45-34Z_topiccards_blended_meta_qe_rrf_mmr_k12,topiccards_blended_meta_qe_rrf_mmr_k12,2026-03-05T04:45:34Z,,,db/chroma_db_meta,,,,,,,db/chroma_db_meta,mmr,12,True,q4,Why does Dwight dislike Jim? Give 3 reasons with examples,True,False,False,12,9938,10,10,0.25,0.9599009323677093,0.16666666666666663,0.16666666666666663,True,86.11,0,False,
experiments/runs/2026-03-05T04-45-34Z_topiccards_blended_meta_qe_rrf_mmr_k12.json,2026-03-05T04-45-34Z_topiccards_blended_meta_qe_rrf_mmr_k12,topiccards_blended_meta_qe_rrf_mmr_k12,2026-03-05T04:45:34Z,,,db/chroma_db_meta,,,,,,,db/chroma_db_meta,mmr,12,True,q5,List Michael Scott’s serious girlfriends and how the relationships ended.,True,False,True,12,13861,12,12,0.08333333333333333,1.0000000000000004,0.0,0.0,True,97.08,0,False,
experiments/runs/2026-03-05T04-45-34Z_topiccards_blended_meta_qe_rrf_mmr_k12.json,2026-03-05T04-45-34Z_topiccards_blended_meta_qe_rrf_mmr_k12,topiccards_blended_meta_qe_rrf_mmr_k12,2026-03-05T04:45:34Z,,,db/chroma_db_meta,,,,,,,db/chroma_db_meta,mmr,12,True,q6,What is the teapot letter and why is it important?,True,False,False,12,11020,12,12,0.08333333333333333,1.0000000000000004,0.0,0.0,False,97.08,0,False,False
experiments/runs/2026-03-05T04-45-34Z_topiccards_blended_meta_qe_rrf_mmr_k12.json,2026-03-05T04-45-34Z_topiccards_blended_meta_qe_rrf_mmr_k12,topiccards_blended_meta_qe_rrf_mmr_k12,2026-03-05T04:45:34Z,,,db/chroma_db_meta,,,,,,,db/chroma_db_meta,mmr,12,True,q7,Who is Creed and what is his deal?,True,False,True,12,7977,9,9,0.16666666666666666,0.9731973151785932,0.25,0.25,False,87.96,0,False,
experiments/runs/2026-03-05T05-19-16Z_topiccards_blended_q5_fix_julie.json,2026-03-05T05-19-16Z_topiccards_blended_q5_fix_julie,topiccards_blended_q5_fix_julie,2026-03-05T05:19:16Z,,,db/chroma_db,,,,,,,db/chroma_db,similarity,12,True,q5,List Michael Scott’s serious girlfriends and how the relationships ended.,True,False,True,12,12929,9,10,0.25,0.9116856074405029,0.16666666666666663,0.25,True,82.28,0,False,
experiments/runs/2026-03-05T05-21-28Z_topiccards_blended_q5_fix_julie_v2.json,2026-03-05T05-21-28Z_topiccards_blended_q5_fix_julie_v2,topiccards_blended_q5_fix_julie_v2,2026-03-05T05:21:28Z,,,db/chroma_db,,,,,,,db/chroma_db,similarity,12,True,q5,List Michael Scott’s serious girlfriends and how the relationships ended.,True,True,True,12,14407,7,7,0.16666666666666666,0.7919584076617457,0.41666666666666663,0.41666666666666663,True,76.47,5,,
experiments/runs/2026-03-05T05-25-19Z_topiccards_blended_q5_fix_holly_donna.json,2026-03-05T05-25-19Z_topiccards_blended_q5_fix_holly_donna,topiccards_blended_q5_fix_holly_donna,2026-03-05T05:25:19Z,,,db/chroma_db,,,,,,,db/chroma_db,similarity,12,True,q5,List Michael Scott’s serious girlfriends and how the relationships ended.,True,False,True,12,12711,10,11,0.25,0.9599009323677093,0.08333333333333337,0.16666666666666663,True,86.11,0,False,
experiments/runs/2026-03-05T05-42-39Z_topiccards_blended_gen_gpt_4_1_mini_baseline_similarity_k3.json,2026-03-05T05-42-39Z_topiccards_blended_gen_gpt_4_1_mini_baseline_similarity_k3,topiccards_blended_gen_gpt_4_1_mini_baseline_similarity_k3,2026-03-05T05:42:39Z,,,db/chroma_db,,,,,,,db/chroma_db,similarity,3,False,q1,Find the episode where Dwight says something like 'Bears. Beets. Battlestar Galactica.' What is the context?,True,False,False,3,2557,3,3,0.3333333333333333,0.9999999999999998,0.0,0.0,False,88.33,0,False,False
experiments/runs/2026-03-05T05-42-39Z_topiccards_blended_gen_gpt_4_1_mini_baseline_similarity_k3.json,2026-03-05T05-42-39Z_topiccards_blended_gen_gpt_4_1_mini_baseline_similarity_k3,topiccards_blended_gen_gpt_4_1_mini_baseline_similarity_k3,2026-03-05T05:42:39Z,,,db/chroma_db,,,,,,,db/chroma_db,similarity,3,False,q2,In what episode does Michael burn his foot?,True,False,True,3,1707,1,2,1.0,,0.33333333333333337,0.6666666666666667,False,6.67,0,False,False
experiments/runs/2026-03-05T05-42-39Z_topiccards_blended_gen_gpt_4_1_mini_baseline_similarity_k3.json,2026-03-05T05-42-39Z_topiccards_blended_gen_gpt_4_1_mini_baseline_similarity_k3,topiccards_blended_gen_gpt_4_1_mini_baseline_similarity_k3,2026-03-05T05:42:39Z,,,db/chroma_db,,,,,,,db/chroma_db,similarity,3,False,q3,Summarize season 2 of The Office.,True,False,False,3,4503,1,1,0.3333333333333333,,0.6666666666666667,0.6666666666666667,True,30.0,0,False,
experiments/runs/2026-03-05T05-42-39Z_topiccards_blended_gen_gpt_4_1_mini_baseline_similarity_k3.json,2026-03-05T05-42-39Z_topiccards_blended_gen_gpt_4_1_mini_baseline_similarity_k3,topiccards_blended_gen_gpt_4_1_mini_baseline_similarity_k3,2026-03-05T05:42:39Z,,,db/chroma_db,,,,,,,db/chroma_db,similarity,3,False,q4,Why does Dwight dislike Jim? Give 3 reasons with examples,True,False,False,3,3526,3,3,0.3333333333333333,0.9999999999999998,0.0,0.0,True,88.33,0,False,
experiments/runs/2026-03-05T05-42-39Z_topiccards_blended_gen_gpt_4_1_mini_baseline_similarity_k3.json,2026-03-05T05-42-39Z_topiccards_blended_gen_gpt_4_1_mini_baseline_similarity_k3,topiccards_blended_gen_gpt_4_1_mini_baseline_similarity_k3,2026-03-05T05:42:39Z,,,db/chroma_db,,,,,,,db/chroma_db,similarity,3,False,q5,List Michael Scott’s serious girlfriends and how the relationships ended.,True,False,False,3,3838,3,3,0.3333333333333333,0.9999999999999998,0.0,0.0,True,88.33,0,False,
experiments/runs/2026-03-05T05-42-39Z_topiccards_blended_gen_gpt_4_1_mini_baseline_similarity_k3.json,2026-03-05T05-42-39Z_topiccards_blended_gen_gpt_4_1_mini_baseline_similarity_k3,topiccards_blended_gen_gpt_4_1_mini_baseline_similarity_k3,2026-03-05T05:42:39Z,,,db/chroma_db,,,,,,,db/chroma_db,similarity,3,False,q6,What is the teapot letter and why is it important?,True,True,False,3,3002,3,3,0.3333333333333333,0.9999999999999998,0.0,0.0,False,88.33,0,,True
experiments/runs/2026-03-05T05-42-39Z_topiccards_blended_gen_gpt_4_1_mini_baseline_similarity_k3.json,2026-03-05T05-42-39Z_topiccards_blended_gen_gpt_4_1_mini_baseline_similarity_k3,topiccards_blended_gen_gpt_4_1_mini_baseline_similarity_k3,2026-03-05T05:42:39Z,,,db/chroma_db,,,,,,,db/chroma_db,similarity,3,False,q7,Who is Creed and what is his deal?,True,False,False,3,1972,2,2,0.6666666666666666,0.9182958340544894,0.33333333333333337,0.33333333333333337,False,66.32,0,False,
experiments/runs/2026-03-05T05-42-59Z_topiccards_blended_gen_gpt_4_1_mini_t1_similarity_k12.json,2026-03-05T05-42-59Z_topiccards_blended_gen_gpt_4_1_mini_t1_similarity_k12,topiccards_blended_gen_gpt_4_1_mini_t1_similarity_k12,2026-03-05T05:42:59Z,,,db/chroma_db,,,,,,,db/chroma_db,similarity,12,False,q1,Find the episode where Dwight says something like 'Bears. Beets. Battlestar Galactica.' What is the context?,True,False,True,12,11838,11,11,0.16666666666666666,0.9881090915741209,0.08333333333333337,0.08333333333333337,False,91.96,0,False,False
experiments/runs/2026-03-05T05-42-59Z_topiccards_blended_gen_gpt_4_1_mini_t1_similarity_k12.json,2026-03-05T05-42-59Z_topiccards_blended_gen_gpt_4_1_mini_t1_similarity_k12,topiccards_blended_gen_gpt_4_1_mini_t1_similarity_k12,2026-03-05T05:42:59Z,,,db/chroma_db,,,,,,,db/chroma_db,similarity,12,False,q2,In what episode does Michael burn his foot?,True,False,True,12,9532,5,6,0.5833333333333334,0.766893743799275,0.5,0.5833333333333333,False,57.43,0,False,False
experiments/runs/2026-03-05T05-42-59Z_topiccards_blended_gen_gpt_4_1_mini_t1_similarity_k12.json,2026-03-05T05-42-59Z_topiccards_blended_gen_gpt_4_1_mini_t1_similarity_k12,topiccards_blended_gen_gpt_4_1_mini_t1_similarity_k12,2026-03-05T05:42:59Z,,,db/chroma_db,,,,,,,db/chroma_db,similarity,12,False,q3,Summarize season 2 of The Office.,True,False,False,12,12949,6,7,0.16666666666666666,0.7445220030143924,0.41666666666666663,0.5,True,72.67,0,False,
experiments/runs/2026-03-05T05-42-59Z_topiccards_blended_gen_gpt_4_1_mini_t1_similarity_k12.json,2026-03-05T05-42-59Z_topiccards_blended_gen_gpt_4_1_mini_t1_similarity_k12,topiccards_blended_gen_gpt_4_1_mini_t1_similarity_k12,2026-03-05T05:42:59Z,,,db/chroma_db,,,,,,,db/chroma_db,similarity,12,False,q4,Why does Dwight dislike Jim? Give 3 reasons with examples,True,False,True,12,11507,8,8,0.25,0.9077694446047015,0.33333333333333337,0.33333333333333337,True,80.43,1,True,
experiments/runs/2026-03-05T05-42-59Z_topiccards_blended_gen_gpt_4_1_mini_t1_similarity_k12.json,2026-03-05T05-42-59Z_topiccards_blended_gen_gpt_4_1_mini_t1_similarity_k12,topiccards_blended_gen_gpt_4_1_mini_t1_similarity_k12,2026-03-05T05:42:59Z,,,db/chroma_db,,,,,,,db/chroma_db,similarity,12,False,q5,List Michael Scott’s serious girlfriends and how the relationships ended.,True,False,False,12,14005,7,8,0.16666666666666666,0.8390063271662106,0.33333333333333337,0.41666666666666663,True,78.59,0,False,
experiments/runs/2026-03-05T05-42-59Z_topiccards_blended_gen_gpt_4_1_mini_t1_similarity_k12.json,2026-03-05T05-42-59Z_topiccards_blended_gen_gpt_4_1_mini_t1_similarity_k12,topiccards_blended_gen_gpt_4_1_mini_t1_similarity_k12,2026-03-05T05:42:59Z,,,db/chroma_db,,,,,,,db/chroma_db,similarity,12,False,q6,What is the teapot letter and why is it important?,True,False,True,12,10468,10,10,0.25,0.9599009323677093,0.16666666666666663,0.16666666666666663,False,86.11,1,True,False
experiments/runs/2026-03-05T05-42-59Z_topiccards_blended_gen_gpt_4_1_mini_t1_similarity_k12.json,2026-03-05T05-42-59Z_topiccards_blended_gen_gpt_4_1_mini_t1_similarity_k12,topiccards_blended_gen_gpt_4_1_mini_t1_similarity_k12,2026-03-05T05:42:59Z,,,db/chroma_db,,,,,,,db/chroma_db,similarity,12,False,q7,Who is Creed and what is his deal?,True,False,False,12,6540,8,8,0.25,0.9517961807358447,0.33333333333333337,0.33333333333333337,False,82.41,0,False,
experiments/runs/2026-03-05T05-43-28Z_topiccards_blended_gen_gpt_4_1_mini_t2_mmr_k12_fetch40_l07_fixed.json,2026-03-05T05-43-28Z_topiccards_blended_gen_gpt_4_1_mini_t2_mmr_k12_fetch40_l07_fixed,topiccards_blended_gen_gpt_4_1_mini_t2_mmr_k12_fetch40_l07_fixed,2026-03-05T05:43:28Z,,,db/chroma_db,,,,,,,db/chroma_db,mmr,12,False,q1,Find the episode where Dwight says something like 'Bears. Beets. Battlestar Galactica.' What is the context?,True,False,True,12,11979,12,12,0.08333333333333333,1.0000000000000004,0.0,0.0,False,97.08,0,False,False
experiments/runs/2026-03-05T05-43-28Z_topiccards_blended_gen_gpt_4_1_mini_t2_mmr_k12_fetch40_l07_fixed.json,2026-03-05T05-43-28Z_topiccards_blended_gen_gpt_4_1_mini_t2_mmr_k12_fetch40_l07_fixed,topiccards_blended_gen_gpt_4_1_mini_t2_mmr_k12_fetch40_l07_fixed,2026-03-05T05:43:28Z,,,db/chroma_db,,,,,,,db/chroma_db,mmr,12,False,q2,In what episode does Michael burn his foot?,True,False,True,12,9532,5,6,0.5833333333333334,0.766893743799275,0.5,0.5833333333333333,False,57.43,0,False,False
experiments/runs/2026-03-05T05-43-28Z_topiccards_blended_gen_gpt_4_1_mini_t2_mmr_k12_fetch40_l07_fixed.json,2026-03-05T05-43-28Z_topiccards_blended_gen_gpt_4_1_mini_t2_mmr_k12_fetch40_l07_fixed,topiccards_blended_gen_gpt_4_1_mini_t2_mmr_k12_fetch40_l07_fixed,2026-03-05T05:43:28Z,,,db/chroma_db,,,,,,,db/chroma_db,mmr,12,False,q3,Summarize season 2 of The Office.,True,False,False,12,12949,6,7,0.16666666666666666,0.7445220030143924,0.41666666666666663,0.5,True,72.67,0,False,
experiments/runs/2026-03-05T05-43-28Z_topiccards_blended_gen_gpt_4_1_mini_t2_mmr_k12_fetch40_l07_fixed.json,2026-03-05T05-43-28Z_topiccards_blended_gen_gpt_4_1_mini_t2_mmr_k12_fetch40_l07_fixed,topiccards_blended_gen_gpt_4_1_mini_t2_mmr_k12_fetch40_l07_fixed,2026-03-05T05:43:28Z,,,db/chroma_db,,,,,,,db/chroma_db,mmr,12,False,q4,Why does Dwight dislike Jim? Give 3 reasons with examples,True,False,True,12,11507,8,8,0.25,0.9077694446047015,0.33333333333333337,0.33333333333333337,True,80.43,3,True,
experiments/runs/2026-03-05T05-43-28Z_topiccards_blended_gen_gpt_4_1_mini_t2_mmr_k12_fetch40_l07_fixed.json,2026-03-05T05-43-28Z_topiccards_blended_gen_gpt_4_1_mini_t2_mmr_k12_fetch40_l07_fixed,topiccards_blended_gen_gpt_4_1_mini_t2_mmr_k12_fetch40_l07_fixed,2026-03-05T05:43:28Z,,,db/chroma_db,,,,,,,db/chroma_db,mmr,12,False,q5,List Michael Scott’s serious girlfriends and how the relationships ended.,True,False,False,12,14005,7,8,0.16666666666666666,0.8390063271662106,0.33333333333333337,0.41666666666666663,True,78.59,0,False,
experiments/runs/2026-03-05T05-43-28Z_topiccards_blended_gen_gpt_4_1_mini_t2_mmr_k12_fetch40_l07_fixed.json,2026-03-05T05-43-28Z_topiccards_blended_gen_gpt_4_1_mini_t2_mmr_k12_fetch40_l07_fixed,topiccards_blended_gen_gpt_4_1_mini_t2_mmr_k12_fetch40_l07_fixed,2026-03-05T05:43:28Z,,,db/chroma_db,,,,,,,db/chroma_db,mmr,12,False,q6,What is the teapot letter and why is it important?,True,False,True,12,10620,11,11,0.16666666666666666,0.9881090915741209,0.08333333333333337,0.08333333333333337,False,91.96,1,True,False
experiments/runs/2026-03-05T05-43-28Z_topiccards_blended_gen_gpt_4_1_mini_t2_mmr_k12_fetch40_l07_fixed.json,2026-03-05T05-43-28Z_topiccards_blended_gen_gpt_4_1_mini_t2_mmr_k12_fetch40_l07_fixed,topiccards_blended_gen_gpt_4_1_mini_t2_mmr_k12_fetch40_l07_fixed,2026-03-05T05:43:28Z,,,db/chroma_db,,,,,,,db/chroma_db,mmr,12,False,q7,Who is Creed and what is his deal?,True,False,False,12,6540,8,8,0.25,0.9517961807358447,0.33333333333333337,0.33333333333333337,False,82.41,0,False,
experiments/runs/2026-03-05T05-44-00Z_topiccards_blended_gen_gpt_4_1_mini_scene_chunks_mmr_k12.json,2026-03-05T05-44-00Z_topiccards_blended_gen_gpt_4_1_mini_scene_chunks_mmr_k12,topiccards_blended_gen_gpt_4_1_mini_scene_chunks_mmr_k12,2026-03-05T05:44:00Z,,,db/chroma_db_scene,,,,,,,db/chroma_db_scene,mmr,12,False,q1,Find the episode where Dwight says something like 'Bears. Beets. Battlestar Galactica.' What is the context?,False,True,False,0,0,0,0,,,,,False,,0,,True
experiments/runs/2026-03-05T05-44-00Z_topiccards_blended_gen_gpt_4_1_mini_scene_chunks_mmr_k12.json,2026-03-05T05-44-00Z_topiccards_blended_gen_gpt_4_1_mini_scene_chunks_mmr_k12,topiccards_blended_gen_gpt_4_1_mini_scene_chunks_mmr_k12,2026-03-05T05:44:00Z,,,db/chroma_db_scene,,,,,,,db/chroma_db_scene,mmr,12,False,q2,In what episode does Michael burn his foot?,False,True,False,0,0,0,0,,,,,False,,0,,True
experiments/runs/2026-03-05T05-44-00Z_topiccards_blended_gen_gpt_4_1_mini_scene_chunks_mmr_k12.json,2026-03-05T05-44-00Z_topiccards_blended_gen_gpt_4_1_mini_scene_chunks_mmr_k12,topiccards_blended_gen_gpt_4_1_mini_scene_chunks_mmr_k12,2026-03-05T05:44:00Z,,,db/chroma_db_scene,,,,,,,db/chroma_db_scene,mmr,12,False,q3,Summarize season 2 of The Office.,True,False,False,5,10672,0,0,,,1.0,1.0,True,0.0,0,False,
experiments/runs/2026-03-05T05-44-00Z_topiccards_blended_gen_gpt_4_1_mini_scene_chunks_mmr_k12.json,2026-03-05T05-44-00Z_topiccards_blended_gen_gpt_4_1_mini_scene_chunks_mmr_k12,topiccards_blended_gen_gpt_4_1_mini_scene_chunks_mmr_k12,2026-03-05T05:44:00Z,,,db/chroma_db_scene,,,,,,,db/chroma_db_scene,mmr,12,False,q4,Why does Dwight dislike Jim? Give 3 reasons with examples,True,True,True,5,5298,2,0,0.2,0.928771237954945,1.0,0.6,True,77.79,0,,
experiments/runs/2026-03-05T05-44-00Z_topiccards_blended_gen_gpt_4_1_mini_scene_chunks_mmr_k12.json,2026-03-05T05-44-00Z_topiccards_blended_gen_gpt_4_1_mini_scene_chunks_mmr_k12,topiccards_blended_gen_gpt_4_1_mini_scene_chunks_mmr_k12,2026-03-05T05:44:00Z,,,db/chroma_db_scene,,,,,,,db/chroma_db_scene,mmr,12,False,q5,List Michael Scott’s serious girlfriends and how the relationships ended.,True,False,False,5,5319,1,0,0.2,,1.0,0.8,True,32.0,0,False,
experiments/runs/2026-03-05T05-44-00Z_topiccards_blended_gen_gpt_4_1_mini_scene_chunks_mmr_k12.json,2026-03-05T05-44-00Z_topiccards_blended_gen_gpt_4_1_mini_scene_chunks_mmr_k12,topiccards_blended_gen_gpt_4_1_mini_scene_chunks_mmr_k12,2026-03-05T05:44:00Z,,,db/chroma_db_scene,,,,,,,db/chroma_db_scene,mmr,12,False,q6,What is the teapot letter and why is it important?,False,True,False,0,0,0,0,,,,,False,,0,,True
experiments/runs/2026-03-05T05-44-00Z_topiccards_blended_gen_gpt_4_1_mini_scene_chunks_mmr_k12.json,2026-03-05T05-44-00Z_topiccards_blended_gen_gpt_4_1_mini_scene_chunks_mmr_k12,topiccards_blended_gen_gpt_4_1_mini_scene_chunks_mmr_k12,2026-03-05T05:44:00Z,,,db/chroma_db_scene,,,,,,,db/chroma_db_scene,mmr,12,False,q7,Who is Creed and what is his deal?,False,True,False,0,0,0,0,,,,,False,,0,,
experiments/runs/2026-03-05T05-44-19Z_topiccards_blended_gen_gpt_4_1_mini_scene_chunks_similarity_k12.json,2026-03-05T05-44-19Z_topiccards_blended_gen_gpt_4_1_mini_scene_chunks_similarity_k12,topiccards_blended_gen_gpt_4_1_mini_scene_chunks_similarity_k12,2026-03-05T05:44:19Z,,,db/chroma_db_scene,,,,,,,db/chroma_db_scene,similarity,12,False,q1,Find the episode where Dwight says something like 'Bears. Beets. Battlestar Galactica.' What is the context?,False,True,False,0,0,0,0,,,,,False,,0,,True
experiments/runs/2026-03-05T05-44-19Z_topiccards_blended_gen_gpt_4_1_mini_scene_chunks_similarity_k12.json,2026-03-05T05-44-19Z_topiccards_blended_gen_gpt_4_1_mini_scene_chunks_similarity_k12,topiccards_blended_gen_gpt_4_1_mini_scene_chunks_similarity_k12,2026-03-05T05:44:19Z,,,db/chroma_db_scene,,,,,,,db/chroma_db_scene,similarity,12,False,q2,In what episode does Michael burn his foot?,False,True,False,0,0,0,0,,,,,False,,0,,True
experiments/runs/2026-03-05T05-44-19Z_topiccards_blended_gen_gpt_4_1_mini_scene_chunks_similarity_k12.json,2026-03-05T05-44-19Z_topiccards_blended_gen_gpt_4_1_mini_scene_chunks_similarity_k12,topiccards_blended_gen_gpt_4_1_mini_scene_chunks_similarity_k12,2026-03-05T05:44:19Z,,,db/chroma_db_scene,,,,,,,db/chroma_db_scene,similarity,12,False,q3,Summarize season 2 of The Office.,True,False,False,5,10672,0,0,,,1.0,1.0,True,0.0,0,False,
experiments/runs/2026-03-05T05-44-19Z_topiccards_blended_gen_gpt_4_1_mini_scene_chunks_similarity_k12.json,2026-03-05T05-44-19Z_topiccards_blended_gen_gpt_4_1_mini_scene_chunks_similarity_k12,topiccards_blended_gen_gpt_4_1_mini_scene_chunks_similarity_k12,2026-03-05T05:44:19Z,,,db/chroma_db_scene,,,,,,,db/chroma_db_scene,similarity,12,False,q4,Why does Dwight dislike Jim? Give 3 reasons with examples,True,False,True,5,5298,2,0,0.2,0.928771237954945,1.0,0.6,True,77.79,0,False,
experiments/runs/2026-03-05T05-44-19Z_topiccards_blended_gen_gpt_4_1_mini_scene_chunks_similarity_k12.json,2026-03-05T05-44-19Z_topiccards_blended_gen_gpt_4_1_mini_scene_chunks_similarity_k12,topiccards_blended_gen_gpt_4_1_mini_scene_chunks_similarity_k12,2026-03-05T05:44:19Z,,,db/chroma_db_scene,,,,,,,db/chroma_db_scene,similarity,12,False,q5,List Michael Scott’s serious girlfriends and how the relationships ended.,True,False,False,5,5319,1,0,0.2,,1.0,0.8,True,32.0,0,False,
experiments/runs/2026-03-05T05-44-19Z_topiccards_blended_gen_gpt_4_1_mini_scene_chunks_similarity_k12.json,2026-03-05T05-44-19Z_topiccards_blended_gen_gpt_4_1_mini_scene_chunks_similarity_k12,topiccards_blended_gen_gpt_4_1_mini_scene_chunks_similarity_k12,2026-03-05T05:44:19Z,,,db/chroma_db_scene,,,,,,,db/chroma_db_scene,similarity,12,False,q6,What is the teapot letter and why is it important?,False,True,False,0,0,0,0,,,,,False,,0,,True
experiments/runs/2026-03-05T05-44-19Z_topiccards_blended_gen_gpt_4_1_mini_scene_chunks_similarity_k12.json,2026-03-05T05-44-19Z_topiccards_blended_gen_gpt_4_1_mini_scene_chunks_similarity_k12,topiccards_blended_gen_gpt_4_1_mini_scene_chunks_similarity_k12,2026-03-05T05:44:19Z,,,db/chroma_db_scene,,,,,,,db/chroma_db_scene,similarity,12,False,q7,Who is Creed and what is his deal?,False,True,False,0,0,0,0,,,,,False,,0,,
experiments/runs/2026-03-05T05-44-34Z_topiccards_blended_gen_gpt_4_1_mini_scene_chunks_mmr_k12_fetch80_lambda09.json,2026-03-05T05-44-34Z_topiccards_blended_gen_gpt_4_1_mini_scene_chunks_mmr_k12_fetch80_lambda09,topiccards_blended_gen_gpt_4_1_mini_scene_chunks_mmr_k12_fetch80_lambda09,2026-03-05T05:44:34Z,,,db/chroma_db_scene,,,,,,,db/chroma_db_scene,mmr,12,False,q1,Find the episode where Dwight says something like 'Bears. Beets. Battlestar Galactica.' What is the context?,False,True,False,0,0,0,0,,,,,False,,0,,True
experiments/runs/2026-03-05T05-44-34Z_topiccards_blended_gen_gpt_4_1_mini_scene_chunks_mmr_k12_fetch80_lambda09.json,2026-03-05T05-44-34Z_topiccards_blended_gen_gpt_4_1_mini_scene_chunks_mmr_k12_fetch80_lambda09,topiccards_blended_gen_gpt_4_1_mini_scene_chunks_mmr_k12_fetch80_lambda09,2026-03-05T05:44:34Z,,,db/chroma_db_scene,,,,,,,db/chroma_db_scene,mmr,12,False,q2,In what episode does Michael burn his foot?,False,True,False,0,0,0,0,,,,,False,,0,,True
experiments/runs/2026-03-05T05-44-34Z_topiccards_blended_gen_gpt_4_1_mini_scene_chunks_mmr_k12_fetch80_lambda09.json,2026-03-05T05-44-34Z_topiccards_blended_gen_gpt_4_1_mini_scene_chunks_mmr_k12_fetch80_lambda09,topiccards_blended_gen_gpt_4_1_mini_scene_chunks_mmr_k12_fetch80_lambda09,2026-03-05T05:44:34Z,,,db/chroma_db_scene,,,,,,,db/chroma_db_scene,mmr,12,False,q3,Summarize season 2 of The Office.,True,False,False,5,10672,0,0,,,1.0,1.0,True,0.0,0,False,
experiments/runs/2026-03-05T05-44-34Z_topiccards_blended_gen_gpt_4_1_mini_scene_chunks_mmr_k12_fetch80_lambda09.json,2026-03-05T05-44-34Z_topiccards_blended_gen_gpt_4_1_mini_scene_chunks_mmr_k12_fetch80_lambda09,topiccards_blended_gen_gpt_4_1_mini_scene_chunks_mmr_k12_fetch80_lambda09,2026-03-05T05:44:34Z,,,db/chroma_db_scene,,,,,,,db/chroma_db_scene,mmr,12,False,q4,Why does Dwight dislike Jim? Give 3 reasons with examples,True,True,False,5,5298,2,0,0.2,0.928771237954945,1.0,0.6,True,77.79,0,,
experiments/runs/2026-03-05T05-44-34Z_topiccards_blended_gen_gpt_4_1_mini_scene_chunks_mmr_k12_fetch80_lambda09.json,2026-03-05T05-44-34Z_topiccards_blended_gen_gpt_4_1_mini_scene_chunks_mmr_k12_fetch80_lambda09,topiccards_blended_gen_gpt_4_1_mini_scene_chunks_mmr_k12_fetch80_lambda09,2026-03-05T05:44:34Z,,,db/chroma_db_scene,,,,,,,db/chroma_db_scene,mmr,12,False,q5,List Michael Scott’s serious girlfriends and how the relationships ended.,True,False,False,5,5319,1,0,0.2,,1.0,0.8,True,32.0,0,False,
experiments/runs/2026-03-05T05-44-34Z_topiccards_blended_gen_gpt_4_1_mini_scene_chunks_mmr_k12_fetch80_lambda09.json,2026-03-05T05-44-34Z_topiccards_blended_gen_gpt_4_1_mini_scene_chunks_mmr_k12_fetch80_lambda09,topiccards_blended_gen_gpt_4_1_mini_scene_chunks_mmr_k12_fetch80_lambda09,2026-03-05T05:44:34Z,,,db/chroma_db_scene,,,,,,,db/chroma_db_scene,mmr,12,False,q6,What is the teapot letter and why is it important?,False,True,False,0,0,0,0,,,,,False,,0,,True
experiments/runs/2026-03-05T05-44-34Z_topiccards_blended_gen_gpt_4_1_mini_scene_chunks_mmr_k12_fetch80_lambda09.json,2026-03-05T05-44-34Z_topiccards_blended_gen_gpt_4_1_mini_scene_chunks_mmr_k12_fetch80_lambda09,topiccards_blended_gen_gpt_4_1_mini_scene_chunks_mmr_k12_fetch80_lambda09,2026-03-05T05:44:34Z,,,db/chroma_db_scene,,,,,,,db/chroma_db_scene,mmr,12,False,q7,Who is Creed and what is his deal?,False,True,False,0,0,0,0,,,,,False,,0,,
experiments/runs/2026-03-05T05-44-52Z_topiccards_blended_gen_gpt_4_1_mini_scene_chunks_mmr_k12_fetch80_lambda09_w1.json,2026-03-05T05-44-52Z_topiccards_blended_gen_gpt_4_1_mini_scene_chunks_mmr_k12_fetch80_lambda09_w1,topiccards_blended_gen_gpt_4_1_mini_scene_chunks_mmr_k12_fetch80_lambda09_w1,2026-03-05T05:44:52Z,,,db/chroma_db_scene_w1,,,,,,,db/chroma_db_scene_w1,mmr,12,False,q1,Find the episode where Dwight says something like 'Bears. Beets. Battlestar Galactica.' What is the context?,False,True,False,0,0,0,0,,,,,False,,0,,True
experiments/runs/2026-03-05T05-44-52Z_topiccards_blended_gen_gpt_4_1_mini_scene_chunks_mmr_k12_fetch80_lambda09_w1.json,2026-03-05T05-44-52Z_topiccards_blended_gen_gpt_4_1_mini_scene_chunks_mmr_k12_fetch80_lambda09_w1,topiccards_blended_gen_gpt_4_1_mini_scene_chunks_mmr_k12_fetch80_lambda09_w1,2026-03-05T05:44:52Z,,,db/chroma_db_scene_w1,,,,,,,db/chroma_db_scene_w1,mmr,12,False,q2,In what episode does Michael burn his foot?,False,True,False,0,0,0,0,,,,,False,,0,,True
experiments/runs/2026-03-05T05-44-52Z_topiccards_blended_gen_gpt_4_1_mini_scene_chunks_mmr_k12_fetch80_lambda09_w1.json,2026-03-05T05-44-52Z_topiccards_blended_gen_gpt_4_1_mini_scene_chunks_mmr_k12_fetch80_lambda09_w1,topiccards_blended_gen_gpt_4_1_mini_scene_chunks_mmr_k12_fetch80_lambda09_w1,2026-03-05T05:44:52Z,,,db/chroma_db_scene_w1,,,,,,,db/chroma_db_scene_w1,mmr,12,False,q3,Summarize season 2 of The Office.,True,False,False,5,10672,0,0,,,1.0,1.0,True,0.0,0,False,
experiments/runs/2026-03-05T05-44-52Z_topiccards_blended_gen_gpt_4_1_mini_scene_chunks_mmr_k12_fetch80_lambda09_w1.json,2026-03-05T05-44-52Z_topiccards_blended_gen_gpt_4_1_mini_scene_chunks_mmr_k12_fetch80_lambda09_w1,topiccards_blended_gen_gpt_4_1_mini_scene_chunks_mmr_k12_fetch80_lambda09_w1,2026-03-05T05:44:52Z,,,db/chroma_db_scene_w1,,,,,,,db/chroma_db_scene_w1,mmr,12,False,q4,Why does Dwight dislike Jim? Give 3 reasons with examples,True,False,True,5,5298,2,0,0.2,0.928771237954945,1.0,0.6,True,77.79,0,False,
experiments/runs/2026-03-05T05-44-52Z_topiccards_blended_gen_gpt_4_1_mini_scene_chunks_mmr_k12_fetch80_lambda09_w1.json,2026-03-05T05-44-52Z_topiccards_blended_gen_gpt_4_1_mini_scene_chunks_mmr_k12_fetch80_lambda09_w1,topiccards_blended_gen_gpt_4_1_mini_scene_chunks_mmr_k12_fetch80_lambda09_w1,2026-03-05T05:44:52Z,,,db/chroma_db_scene_w1,,,,,,,db/chroma_db_scene_w1,mmr,12,False,q5,List Michael Scott’s serious girlfriends and how the relationships ended.,True,False,False,5,5319,1,0,0.2,,1.0,0.8,True,32.0,0,False,
experiments/runs/2026-03-05T05-44-52Z_topiccards_blended_gen_gpt_4_1_mini_scene_chunks_mmr_k12_fetch80_lambda09_w1.json,2026-03-05T05-44-52Z_topiccards_blended_gen_gpt_4_1_mini_scene_chunks_mmr_k12_fetch80_lambda09_w1,topiccards_blended_gen_gpt_4_1_mini_scene_chunks_mmr_k12_fetch80_lambda09_w1,2026-03-05T05:44:52Z,,,db/chroma_db_scene_w1,,,,,,,db/chroma_db_scene_w1,mmr,12,False,q6,What is the teapot letter and why is it important?,False,True,False,0,0,0,0,,,,,False,,0,,True
experiments/runs/2026-03-05T05-44-52Z_topiccards_blended_gen_gpt_4_1_mini_scene_chunks_mmr_k12_fetch80_lambda09_w1.json,2026-03-05T05-44-52Z_topiccards_blended_gen_gpt_4_1_mini_scene_chunks_mmr_k12_fetch80_lambda09_w1,topiccards_blended_gen_gpt_4_1_mini_scene_chunks_mmr_k12_fetch80_lambda09_w1,2026-03-05T05:44:52Z,,,db/chroma_db_scene_w1,,,,,,,db/chroma_db_scene_w1,mmr,12,False,q7,Who is Creed and what is his deal?,False,True,False,0,0,0,0,,,,,False,,0,,
experiments/runs/2026-03-05T05-45-11Z_topiccards_blended_gen_gpt_4_1_mini_qe_rrf_similarity_k12.json,2026-03-05T05-45-11Z_topiccards_blended_gen_gpt_4_1_mini_qe_rrf_similarity_k12,topiccards_blended_gen_gpt_4_1_mini_qe_rrf_similarity_k12,2026-03-05T05:45:11Z,,,db/chroma_db,,,,,,,db/chroma_db,similarity,12,True,q1,Find the episode where Dwight says something like 'Bears. Beets. Battlestar Galactica.' What is the context?,True,False,True,12,10974,12,12,0.08333333333333333,1.0000000000000004,0.0,0.0,False,97.08,0,False,False
experiments/runs/2026-03-05T05-45-11Z_topiccards_blended_gen_gpt_4_1_mini_qe_rrf_similarity_k12.json,2026-03-05T05-45-11Z_topiccards_blended_gen_gpt_4_1_mini_qe_rrf_similarity_k12,topiccards_blended_gen_gpt_4_1_mini_qe_rrf_similarity_k12,2026-03-05T05:45:11Z,,,db/chroma_db,,,,,,,db/chroma_db,similarity,12,True,q2,In what episode does Michael burn his foot?,True,False,True,8,7218,3,4,0.625,0.8194483718728035,0.5,0.625,False,57.5,0,False,False
experiments/runs/2026-03-05T05-45-11Z_topiccards_blended_gen_gpt_4_1_mini_qe_rrf_similarity_k12.json,2026-03-05T05-45-11Z_topiccards_blended_gen_gpt_4_1_mini_qe_rrf_similarity_k12,topiccards_blended_gen_gpt_4_1_mini_qe_rrf_similarity_k12,2026-03-05T05:45:11Z,,,db/chroma_db,,,,,,,db/chroma_db,similarity,12,True,q3,Summarize season 2 of The Office.,True,False,True,12,6194,10,10,0.08333333333333333,0.8993177050396876,0.16666666666666663,0.16666666666666663,True,89.22,0,False,
experiments/runs/2026-03-05T05-45-11Z_topiccards_blended_gen_gpt_4_1_mini_qe_rrf_similarity_k12.json,2026-03-05T05-45-11Z_topiccards_blended_gen_gpt_4_1_mini_qe_rrf_similarity_k12,topiccards_blended_gen_gpt_4_1_mini_qe_rrf_similarity_k12,2026-03-05T05:45:11Z,,,db/chroma_db,,,,,,,db/chroma_db,similarity,12,True,q4,Why does Dwight dislike Jim? Give 3 reasons with examples,True,False,True,12,12443,9,9,0.25,0.9116856074405029,0.25,0.25,True,82.28,1,True,
experiments/runs/2026-03-05T05-45-11Z_topiccards_blended_gen_gpt_4_1_mini_qe_rrf_similarity_k12.json,2026-03-05T05-45-11Z_topiccards_blended_gen_gpt_4_1_mini_qe_rrf_similarity_k12,topiccards_blended_gen_gpt_4_1_mini_qe_rrf_similarity_k12,2026-03-05T05:45:11Z,,,db/chroma_db,,,,,,,db/chroma_db,similarity,12,True,q5,List Michael Scott’s serious girlfriends and how the relationships ended.,True,False,True,12,12929,9,10,0.25,0.9116856074405029,0.16666666666666663,0.25,True,82.28,0,False,
experiments/runs/2026-03-05T05-45-11Z_topiccards_blended_gen_gpt_4_1_mini_qe_rrf_similarity_k12.json,2026-03-05T05-45-11Z_topiccards_blended_gen_gpt_4_1_mini_qe_rrf_similarity_k12,topiccards_blended_gen_gpt_4_1_mini_qe_rrf_similarity_k12,2026-03-05T05:45:11Z,,,db/chroma_db,,,,,,,db/chroma_db,similarity,12,True,q6,What is the teapot letter and why is it important?,True,True,False,12,10851,11,11,0.16666666666666666,0.9881090915741209,0.08333333333333337,0.08333333333333337,False,91.96,0,,False
experiments/runs/2026-03-05T05-45-11Z_topiccards_blended_gen_gpt_4_1_mini_qe_rrf_similarity_k12.json,2026-03-05T05-45-11Z_topiccards_blended_gen_gpt_4_1_mini_qe_rrf_similarity_k12,topiccards_blended_gen_gpt_4_1_mini_qe_rrf_similarity_k12,2026-03-05T05:45:11Z,,,db/chroma_db,,,,,,,db/chroma_db,similarity,12,True,q7,Who is Creed and what is his deal?,True,False,False,12,7167,10,10,0.16666666666666666,0.9788379141596312,0.16666666666666663,0.16666666666666663,False,89.88,0,False,
experiments/runs/2026-03-05T05-45-52Z_topiccards_blended_gen_gpt_4_1_mini_qe_rrf_mmr_k12.json,2026-03-05T05-45-52Z_topiccards_blended_gen_gpt_4_1_mini_qe_rrf_mmr_k12,topiccards_blended_gen_gpt_4_1_mini_qe_rrf_mmr_k12,2026-03-05T05:45:52Z,,,db/chroma_db,,,,,,,db/chroma_db,mmr,12,True,q1,Find the episode where Dwight says something like 'Bears. Beets. Battlestar Galactica.' What is the context?,True,False,True,12,10974,12,12,0.08333333333333333,1.0000000000000004,0.0,0.0,False,97.08,0,False,False
experiments/runs/2026-03-05T05-45-52Z_topiccards_blended_gen_gpt_4_1_mini_qe_rrf_mmr_k12.json,2026-03-05T05-45-52Z_topiccards_blended_gen_gpt_4_1_mini_qe_rrf_mmr_k12,topiccards_blended_gen_gpt_4_1_mini_qe_rrf_mmr_k12,2026-03-05T05:45:52Z,,,db/chroma_db,,,,,,,db/chroma_db,mmr,12,True,q2,In what episode does Michael burn his foot?,True,False,True,8,7218,3,4,0.625,0.8194483718728035,0.5,0.625,False,57.5,0,False,False
experiments/runs/2026-03-05T05-45-52Z_topiccards_blended_gen_gpt_4_1_mini_qe_rrf_mmr_k12.json,2026-03-05T05-45-52Z_topiccards_blended_gen_gpt_4_1_mini_qe_rrf_mmr_k12,topiccards_blended_gen_gpt_4_1_mini_qe_rrf_mmr_k12,2026-03-05T05:45:52Z,,,db/chroma_db,,,,,,,db/chroma_db,mmr,12,True,q3,Summarize season 2 of The Office.,True,False,False,12,8589,8,9,0.16666666666666666,0.8406850696247337,0.25,0.33333333333333337,True,80.33,0,False,
experiments/runs/2026-03-05T05-45-52Z_topiccards_blended_gen_gpt_4_1_mini_qe_rrf_mmr_k12.json,2026-03-05T05-45-52Z_topiccards_blended_gen_gpt_4_1_mini_qe_rrf_mmr_k12,topiccards_blended_gen_gpt_4_1_mini_qe_rrf_mmr_k12,2026-03-05T05:45:52Z,,,db/chroma_db,,,,,,,db/chroma_db,mmr,12,True,q4,Why does Dwight dislike Jim? Give 3 reasons with examples,True,False,True,12,12443,9,9,0.25,0.9116856074405029,0.25,0.25,True,82.28,1,True,
experiments/runs/2026-03-05T05-45-52Z_topiccards_blended_gen_gpt_4_1_mini_qe_rrf_mmr_k12.json,2026-03-05T05-45-52Z_topiccards_blended_gen_gpt_4_1_mini_qe_rrf_mmr_k12,topiccards_blended_gen_gpt_4_1_mini_qe_rrf_mmr_k12,2026-03-05T05:45:52Z,,,db/chroma_db,,,,,,,db/chroma_db,mmr,12,True,q5,List Michael Scott’s serious girlfriends and how the relationships ended.,True,False,True,12,12929,9,10,0.25,0.9116856074405029,0.16666666666666663,0.25,True,82.28,0,False,
experiments/runs/2026-03-05T05-45-52Z_topiccards_blended_gen_gpt_4_1_mini_qe_rrf_mmr_k12.json,2026-03-05T05-45-52Z_topiccards_blended_gen_gpt_4_1_mini_qe_rrf_mmr_k12,topiccards_blended_gen_gpt_4_1_mini_qe_rrf_mmr_k12,2026-03-05T05:45:52Z,,,db/chroma_db,,,,,,,db/chroma_db,mmr,12,True,q6,What is the teapot letter and why is it important?,True,False,False,12,10884,10,10,0.16666666666666666,0.9788379141596313,0.16666666666666663,0.16666666666666663,False,89.88,0,True,False
experiments/runs/2026-03-05T05-45-52Z_topiccards_blended_gen_gpt_4_1_mini_qe_rrf_mmr_k12.json,2026-03-05T05-45-52Z_topiccards_blended_gen_gpt_4_1_mini_qe_rrf_mmr_k12,topiccards_blended_gen_gpt_4_1_mini_qe_rrf_mmr_k12,2026-03-05T05:45:52Z,,,db/chroma_db,,,,,,,db/chroma_db,mmr,12,True,q7,Who is Creed and what is his deal?,True,False,False,12,7167,10,10,0.16666666666666666,0.9788379141596312,0.16666666666666663,0.16666666666666663,False,89.88,0,False,
experiments/runs/2026-03-05T05-46-48Z_topiccards_blended_gen_gpt_4_1_mini_meta_qe_rrf_mmr_k12.json,2026-03-05T05-46-48Z_topiccards_blended_gen_gpt_4_1_mini_meta_qe_rrf_mmr_k12,topiccards_blended_gen_gpt_4_1_mini_meta_qe_rrf_mmr_k12,2026-03-05T05:46:48Z,,,db/chroma_db_meta,,,,,,,db/chroma_db_meta,mmr,12,True,q1,Find the episode where Dwight says something like 'Bears. Beets. Battlestar Galactica.' What is the context?,True,False,True,12,11033,11,11,0.16666666666666666,0.9881090915741209,0.08333333333333337,0.08333333333333337,False,91.96,0,False,False
experiments/runs/2026-03-05T05-46-48Z_topiccards_blended_gen_gpt_4_1_mini_meta_qe_rrf_mmr_k12.json,2026-03-05T05-46-48Z_topiccards_blended_gen_gpt_4_1_mini_meta_qe_rrf_mmr_k12,topiccards_blended_gen_gpt_4_1_mini_meta_qe_rrf_mmr_k12,2026-03-05T05:46:48Z,,,db/chroma_db_meta,,,,,,,db/chroma_db_meta,mmr,12,True,q2,In what episode does Michael burn his foot?,True,False,True,8,7218,3,4,0.625,0.8194483718728035,0.5,0.625,False,57.5,0,False,False
experiments/runs/2026-03-05T05-46-48Z_topiccards_blended_gen_gpt_4_1_mini_meta_qe_rrf_mmr_k12.json,2026-03-05T05-46-48Z_topiccards_blended_gen_gpt_4_1_mini_meta_qe_rrf_mmr_k12,topiccards_blended_gen_gpt_4_1_mini_meta_qe_rrf_mmr_k12,2026-03-05T05:46:48Z,,,db/chroma_db_meta,,,,,,,db/chroma_db_meta,mmr,12,True,q3,Summarize season 2 of The Office.,True,False,True,12,8589,8,9,0.16666666666666666,0.8406850696247337,0.25,0.33333333333333337,True,80.33,0,False,
experiments/runs/2026-03-05T05-46-48Z_topiccards_blended_gen_gpt_4_1_mini_meta_qe_rrf_mmr_k12.json,2026-03-05T05-46-48Z_topiccards_blended_gen_gpt_4_1_mini_meta_qe_rrf_mmr_k12,topiccards_blended_gen_gpt_4_1_mini_meta_qe_rrf_mmr_k12,2026-03-05T05:46:48Z,,,db/chroma_db_meta,,,,,,,db/chroma_db_meta,mmr,12,True,q4,Why does Dwight dislike Jim? Give 3 reasons with examples,True,False,True,12,12443,9,9,0.25,0.9116856074405029,0.25,0.25,True,82.28,1,True,
experiments/runs/2026-03-05T05-46-48Z_topiccards_blended_gen_gpt_4_1_mini_meta_qe_rrf_mmr_k12.json,2026-03-05T05-46-48Z_topiccards_blended_gen_gpt_4_1_mini_meta_qe_rrf_mmr_k12,topiccards_blended_gen_gpt_4_1_mini_meta_qe_rrf_mmr_k12,2026-03-05T05:46:48Z,,,db/chroma_db_meta,,,,,,,db/chroma_db_meta,mmr,12,True,q5,List Michael Scott’s serious girlfriends and how the relationships ended.,True,False,True,12,12929,9,10,0.25,0.9116856074405029,0.16666666666666663,0.25,True,82.28,0,False,
experiments/runs/2026-03-05T05-46-48Z_topiccards_blended_gen_gpt_4_1_mini_meta_qe_rrf_mmr_k12.json,2026-03-05T05-46-48Z_topiccards_blended_gen_gpt_4_1_mini_meta_qe_rrf_mmr_k12,topiccards_blended_gen_gpt_4_1_mini_meta_qe_rrf_mmr_k12,2026-03-05T05:46:48Z,,,db/chroma_db_meta,,,,,,,db/chroma_db_meta,mmr,12,True,q6,What is the teapot letter and why is it important?,True,False,False,12,10981,11,11,0.16666666666666666,0.9881090915741209,0.08333333333333337,0.08333333333333337,False,91.96,0,False,False
experiments/runs/2026-03-05T05-46-48Z_topiccards_blended_gen_gpt_4_1_mini_meta_qe_rrf_mmr_k12.json,2026-03-05T05-46-48Z_topiccards_blended_gen_gpt_4_1_mini_meta_qe_rrf_mmr_k12,topiccards_blended_gen_gpt_4_1_mini_meta_qe_rrf_mmr_k12,2026-03-05T05:46:48Z,,,db/chroma_db_meta,,,,,,,db/chroma_db_meta,mmr,12,True,q7,Who is Creed and what is his deal?,True,False,False,12,7167,10,10,0.16666666666666666,0.9788379141596312,0.16666666666666663,0.16666666666666663,False,89.88,0,False,
experiments/runs/2026-03-05T05-49-49Z_topiccards_blended_scene_chunks_mmr_k12_fetch80_lambda09_w1_romancefix.json,2026-03-05T05-49-49Z_topiccards_blended_scene_chunks_mmr_k12_fetch80_lambda09_w1_romancefix,topiccards_blended_scene_chunks_mmr_k12_fetch80_lambda09_w1_romancefix,2026-03-05T05:49:49Z,,,db/chroma_db_scene_w1,,,,,,,db/chroma_db_scene_w1,mmr,12,False,q1,Find the episode where Dwight says something like 'Bears. Beets. Battlestar Galactica.' What is the context?,False,False,False,0,0,0,0,,,,,False,,0,,True
experiments/runs/2026-03-05T05-49-49Z_topiccards_blended_scene_chunks_mmr_k12_fetch80_lambda09_w1_romancefix.json,2026-03-05T05-49-49Z_topiccards_blended_scene_chunks_mmr_k12_fetch80_lambda09_w1_romancefix,topiccards_blended_scene_chunks_mmr_k12_fetch80_lambda09_w1_romancefix,2026-03-05T05:49:49Z,,,db/chroma_db_scene_w1,,,,,,,db/chroma_db_scene_w1,mmr,12,False,q2,In what episode does Michael burn his foot?,False,False,False,0,0,0,0,,,,,False,,0,,True
experiments/runs/2026-03-05T05-49-49Z_topiccards_blended_scene_chunks_mmr_k12_fetch80_lambda09_w1_romancefix.json,2026-03-05T05-49-49Z_topiccards_blended_scene_chunks_mmr_k12_fetch80_lambda09_w1_romancefix,topiccards_blended_scene_chunks_mmr_k12_fetch80_lambda09_w1_romancefix,2026-03-05T05:49:49Z,,,db/chroma_db_scene_w1,,,,,,,db/chroma_db_scene_w1,mmr,12,False,q3,Summarize season 2 of The Office.,True,False,False,5,10672,0,0,,,1.0,1.0,True,0.0,0,,
experiments/runs/2026-03-05T05-49-49Z_topiccards_blended_scene_chunks_mmr_k12_fetch80_lambda09_w1_romancefix.json,2026-03-05T05-49-49Z_topiccards_blended_scene_chunks_mmr_k12_fetch80_lambda09_w1_romancefix,topiccards_blended_scene_chunks_mmr_k12_fetch80_lambda09_w1_romancefix,2026-03-05T05:49:49Z,,,db/chroma_db_scene_w1,,,,,,,db/chroma_db_scene_w1,mmr,12,False,q4,Why does Dwight dislike Jim? Give 3 reasons with examples,True,False,False,5,5298,2,0,0.2,0.928771237954945,1.0,0.6,True,77.79,0,,
experiments/runs/2026-03-05T05-49-49Z_topiccards_blended_scene_chunks_mmr_k12_fetch80_lambda09_w1_romancefix.json,2026-03-05T05-49-49Z_topiccards_blended_scene_chunks_mmr_k12_fetch80_lambda09_w1_romancefix,topiccards_blended_scene_chunks_mmr_k12_fetch80_lambda09_w1_romancefix,2026-03-05T05:49:49Z,,,db/chroma_db_scene_w1,,,,,,,db/chroma_db_scene_w1,mmr,12,False,q5,List Michael Scott’s serious girlfriends and how the relationships ended.,True,False,False,10,11300,2,0,0.1,0.6643856189774725,1.0,0.8,True,65.4,0,,
experiments/runs/2026-03-05T05-49-49Z_topiccards_blended_scene_chunks_mmr_k12_fetch80_lambda09_w1_romancefix.json,2026-03-05T05-49-49Z_topiccards_blended_scene_chunks_mmr_k12_fetch80_lambda09_w1_romancefix,topiccards_blended_scene_chunks_mmr_k12_fetch80_lambda09_w1_romancefix,2026-03-05T05:49:49Z,,,db/chroma_db_scene_w1,,,,,,,db/chroma_db_scene_w1,mmr,12,False,q6,What is the teapot letter and why is it important?,False,False,False,0,0,0,0,,,,,False,,0,,True
experiments/runs/2026-03-05T05-49-49Z_topiccards_blended_scene_chunks_mmr_k12_fetch80_lambda09_w1_romancefix.json,2026-03-05T05-49-49Z_topiccards_blended_scene_chunks_mmr_k12_fetch80_lambda09_w1_romancefix,topiccards_blended_scene_chunks_mmr_k12_fetch80_lambda09_w1_romancefix,2026-03-05T05:49:49Z,,,db/chroma_db_scene_w1,,,,,,,db/chroma_db_scene_w1,mmr,12,False,q7,Who is Creed and what is his deal?,False,False,False,0,0,0,0,,,,,False,,0,,
experiments/runs/2026-03-05T05-51-17Z_topiccards_blended_gen_gpt_4_1_mini_scene_chunks_mmr_k12_fetch80_lambda09_w1_romancefix.json,2026-03-05T05-51-17Z_topiccards_blended_gen_gpt_4_1_mini_scene_chunks_mmr_k12_fetch80_lambda09_w1_romancefix,topiccards_blended_gen_gpt_4_1_mini_scene_chunks_mmr_k12_fetch80_lambda09_w1_romancefix,2026-03-05T05:51:17Z,,,db/chroma_db_scene_w1,,,,,,,db/chroma_db_scene_w1,mmr,12,False,q1,Find the episode where Dwight says something like 'Bears. Beets. Battlestar Galactica.' What is the context?,False,True,False,0,0,0,0,,,,,False,,0,,True
experiments/runs/2026-03-05T05-51-17Z_topiccards_blended_gen_gpt_4_1_mini_scene_chunks_mmr_k12_fetch80_lambda09_w1_romancefix.json,2026-03-05T05-51-17Z_topiccards_blended_gen_gpt_4_1_mini_scene_chunks_mmr_k12_fetch80_lambda09_w1_romancefix,topiccards_blended_gen_gpt_4_1_mini_scene_chunks_mmr_k12_fetch80_lambda09_w1_romancefix,2026-03-05T05:51:17Z,,,db/chroma_db_scene_w1,,,,,,,db/chroma_db_scene_w1,mmr,12,False,q2,In what episode does Michael burn his foot?,False,True,False,0,0,0,0,,,,,False,,0,,True
experiments/runs/2026-03-05T05-51-17Z_topiccards_blended_gen_gpt_4_1_mini_scene_chunks_mmr_k12_fetch80_lambda09_w1_romancefix.json,2026-03-05T05-51-17Z_topiccards_blended_gen_gpt_4_1_mini_scene_chunks_mmr_k12_fetch80_lambda09_w1_romancefix,topiccards_blended_gen_gpt_4_1_mini_scene_chunks_mmr_k12_fetch80_lambda09_w1_romancefix,2026-03-05T05:51:17Z,,,db/chroma_db_scene_w1,,,,,,,db/chroma_db_scene_w1,mmr,12,False,q3,Summarize season 2 of The Office.,True,False,False,5,10672,0,0,,,1.0,1.0,True,0.0,0,False,
experiments/runs/2026-03-05T05-51-17Z_topiccards_blended_gen_gpt_4_1_mini_scene_chunks_mmr_k12_fetch80_lambda09_w1_romancefix.json,2026-03-05T05-51-17Z_topiccards_blended_gen_gpt_4_1_mini_scene_chunks_mmr_k12_fetch80_lambda09_w1_romancefix,topiccards_blended_gen_gpt_4_1_mini_scene_chunks_mmr_k12_fetch80_lambda09_w1_romancefix,2026-03-05T05:51:17Z,,,db/chroma_db_scene_w1,,,,,,,db/chroma_db_scene_w1,mmr,12,False,q4,Why does Dwight dislike Jim? Give 3 reasons with examples,True,False,True,5,5298,2,0,0.2,0.928771237954945,1.0,0.6,True,77.79,0,False,
experiments/runs/2026-03-05T05-51-17Z_topiccards_blended_gen_gpt_4_1_mini_scene_chunks_mmr_k12_fetch80_lambda09_w1_romancefix.json,2026-03-05T05-51-17Z_topiccards_blended_gen_gpt_4_1_mini_scene_chunks_mmr_k12_fetch80_lambda09_w1_romancefix,topiccards_blended_gen_gpt_4_1_mini_scene_chunks_mmr_k12_fetch80_lambda09_w1_romancefix,2026-03-05T05:51:17Z,,,db/chroma_db_scene_w1,,,,,,,db/chroma_db_scene_w1,mmr,12,False,q5,List Michael Scott’s serious girlfriends and how the relationships ended.,True,False,False,10,11300,2,0,0.1,0.6643856189774725,1.0,0.8,True,65.4,0,False,
experiments/runs/2026-03-05T05-51-17Z_topiccards_blended_gen_gpt_4_1_mini_scene_chunks_mmr_k12_fetch80_lambda09_w1_romancefix.json,2026-03-05T05-51-17Z_topiccards_blended_gen_gpt_4_1_mini_scene_chunks_mmr_k12_fetch80_lambda09_w1_romancefix,topiccards_blended_gen_gpt_4_1_mini_scene_chunks_mmr_k12_fetch80_lambda09_w1_romancefix,2026-03-05T05:51:17Z,,,db/chroma_db_scene_w1,,,,,,,db/chroma_db_scene_w1,mmr,12,False,q6,What is the teapot letter and why is it important?,False,True,False,0,0,0,0,,,,,False,,0,,True
experiments/runs/2026-03-05T05-51-17Z_topiccards_blended_gen_gpt_4_1_mini_scene_chunks_mmr_k12_fetch80_lambda09_w1_romancefix.json,2026-03-05T05-51-17Z_topiccards_blended_gen_gpt_4_1_mini_scene_chunks_mmr_k12_fetch80_lambda09_w1_romancefix,topiccards_blended_gen_gpt_4_1_mini_scene_chunks_mmr_k12_fetch80_lambda09_w1_romancefix,2026-03-05T05:51:17Z,,,db/chroma_db_scene_w1,,,,,,,db/chroma_db_scene_w1,mmr,12,False,q7,Who is Creed and what is his deal?,False,True,False,0,0,0,0,,,,,False,,0,,
experiments/runs/2026-03-05T05-53-08Z_topiccards_blended_scene_chunks_mmr_k12_fetch80_lambda09_w1_romancefix2.json,2026-03-05T05-53-08Z_topiccards_blended_scene_chunks_mmr_k12_fetch80_lambda09_w1_romancefix2,topiccards_blended_scene_chunks_mmr_k12_fetch80_lambda09_w1_romancefix2,2026-03-05T05:53:08Z,,,db/chroma_db_scene_w1,,,,,,,db/chroma_db_scene_w1,mmr,12,False,q1,Find the episode where Dwight says something like 'Bears. Beets. Battlestar Galactica.' What is the context?,False,False,False,0,0,0,0,,,,,False,,0,,True
experiments/runs/2026-03-05T05-53-08Z_topiccards_blended_scene_chunks_mmr_k12_fetch80_lambda09_w1_romancefix2.json,2026-03-05T05-53-08Z_topiccards_blended_scene_chunks_mmr_k12_fetch80_lambda09_w1_romancefix2,topiccards_blended_scene_chunks_mmr_k12_fetch80_lambda09_w1_romancefix2,2026-03-05T05:53:08Z,,,db/chroma_db_scene_w1,,,,,,,db/chroma_db_scene_w1,mmr,12,False,q2,In what episode does Michael burn his foot?,False,False,False,0,0,0,0,,,,,False,,0,,True
experiments/runs/2026-03-05T05-53-08Z_topiccards_blended_scene_chunks_mmr_k12_fetch80_lambda09_w1_romancefix2.json,2026-03-05T05-53-08Z_topiccards_blended_scene_chunks_mmr_k12_fetch80_lambda09_w1_romancefix2,topiccards_blended_scene_chunks_mmr_k12_fetch80_lambda09_w1_romancefix2,2026-03-05T05:53:08Z,,,db/chroma_db_scene_w1,,,,,,,db/chroma_db_scene_w1,mmr,12,False,q3,Summarize season 2 of The Office.,True,False,False,5,10672,0,0,,,1.0,1.0,True,0.0,0,,
experiments/runs/2026-03-05T05-53-08Z_topiccards_blended_scene_chunks_mmr_k12_fetch80_lambda09_w1_romancefix2.json,2026-03-05T05-53-08Z_topiccards_blended_scene_chunks_mmr_k12_fetch80_lambda09_w1_romancefix2,topiccards_blended_scene_chunks_mmr_k12_fetch80_lambda09_w1_romancefix2,2026-03-05T05:53:08Z,,,db/chroma_db_scene_w1,,,,,,,db/chroma_db_scene_w1,mmr,12,False,q4,Why does Dwight dislike Jim? Give 3 reasons with examples,True,False,False,5,5298,2,0,0.2,0.928771237954945,1.0,0.6,True,77.79,0,,
experiments/runs/2026-03-05T05-53-08Z_topiccards_blended_scene_chunks_mmr_k12_fetch80_lambda09_w1_romancefix2.json,2026-03-05T05-53-08Z_topiccards_blended_scene_chunks_mmr_k12_fetch80_lambda09_w1_romancefix2,topiccards_blended_scene_chunks_mmr_k12_fetch80_lambda09_w1_romancefix2,2026-03-05T05:53:08Z,,,db/chroma_db_scene_w1,,,,,,,db/chroma_db_scene_w1,mmr,12,False,q5,List Michael Scott’s serious girlfriends and how the relationships ended.,True,False,False,10,11300,2,0,0.1,0.6643856189774725,1.0,0.8,True,65.4,0,,
experiments/runs/2026-03-05T05-53-08Z_topiccards_blended_scene_chunks_mmr_k12_fetch80_lambda09_w1_romancefix2.json,2026-03-05T05-53-08Z_topiccards_blended_scene_chunks_mmr_k12_fetch80_lambda09_w1_romancefix2,topiccards_blended_scene_chunks_mmr_k12_fetch80_lambda09_w1_romancefix2,2026-03-05T05:53:08Z,,,db/chroma_db_scene_w1,,,,,,,db/chroma_db_scene_w1,mmr,12,False,q6,What is the teapot letter and why is it important?,False,False,False,0,0,0,0,,,,,False,,0,,True
experiments/runs/2026-03-05T05-53-08Z_topiccards_blended_scene_chunks_mmr_k12_fetch80_lambda09_w1_romancefix2.json,2026-03-05T05-53-08Z_topiccards_blended_scene_chunks_mmr_k12_fetch80_lambda09_w1_romancefix2,topiccards_blended_scene_chunks_mmr_k12_fetch80_lambda09_w1_romancefix2,2026-03-05T05:53:08Z,,,db/chroma_db_scene_w1,,,,,,,db/chroma_db_scene_w1,mmr,12,False,q7,Who is Creed and what is his deal?,False,False,False,0,0,0,0,,,,,False,,0,,
experiments/runs/2026-03-05T06-16-14Z_sanity_episodeid_metadata.json,2026-03-05T06-16-14Z_sanity_episodeid_metadata,sanity_episodeid_metadata,2026-03-05T06:16:14Z,,,db/chroma_db_scene_w1_eid,,,,,,,db/chroma_db_scene_w1_eid,mmr,12,False,q1,Find the episode where Dwight says something like 'Bears. Beets. Battlestar Galactica.' What is the context?,True,False,False,12,15967,9,9,0.25,0.9533522741071694,0.25,0.25,False,84.15,0,,True
experiments/runs/2026-03-05T06-16-14Z_sanity_episodeid_metadata.json,2026-03-05T06-16-14Z_sanity_episodeid_metadata,sanity_episodeid_metadata,2026-03-05T06:16:14Z,,,db/chroma_db_scene_w1_eid,,,,,,,db/chroma_db_scene_w1_eid,mmr,12,False,q2,In what episode does Michael burn his foot?,True,False,False,12,12982,4,5,0.75,0.603759374819711,0.5833333333333333,0.6666666666666667,False,42.59,0,,False
experiments/runs/2026-03-05T06-16-14Z_sanity_episodeid_metadata.json,2026-03-05T06-16-14Z_sanity_episodeid_metadata,sanity_episodeid_metadata,2026-03-05T06:16:14Z,,,db/chroma_db_scene_w1_eid,,,,,,,db/chroma_db_scene_w1_eid,mmr,12,False,q3,Summarize season 2 of The Office.,True,False,False,12,13205,7,7,0.08333333333333333,0.7449104881572809,0.41666666666666663,0.41666666666666663,True,77.27,0,,
experiments/runs/2026-03-05T06-16-14Z_sanity_episodeid_metadata.json,2026-03-05T06-16-14Z_sanity_episodeid_metadata,sanity_episodeid_metadata,2026-03-05T06:16:14Z,,,db/chroma_db_scene_w1_eid,,,,,,,db/chroma_db_scene_w1_eid,mmr,12,False,q4,Why does Dwight dislike Jim? Give 3 reasons with examples,True,False,False,12,9893,9,9,0.16666666666666666,0.9315306485119265,0.25,0.25,True,86.09,0,,
experiments/runs/2026-03-05T06-16-14Z_sanity_episodeid_metadata.json,2026-03-05T06-16-14Z_sanity_episodeid_metadata,sanity_episodeid_metadata,2026-03-05T06:16:14Z,,,db/chroma_db_scene_w1_eid,,,,,,,db/chroma_db_scene_w1_eid,mmr,12,False,q5,List Michael Scott’s serious girlfriends and how the relationships ended.,True,False,False,12,17861,6,6,0.4166666666666667,0.7814421719854818,0.5,0.5,True,65.58,0,,
experiments/runs/2026-03-05T06-16-14Z_sanity_episodeid_metadata.json,2026-03-05T06-16-14Z_sanity_episodeid_metadata,sanity_episodeid_metadata,2026-03-05T06:16:14Z,,,db/chroma_db_scene_w1_eid,,,,,,,db/chroma_db_scene_w1_eid,mmr,12,False,q6,What is the teapot letter and why is it important?,True,False,False,12,13941,7,7,0.3333333333333333,0.9207822211616018,0.41666666666666663,0.41666666666666663,False,76.44,0,,False
experiments/runs/2026-03-05T06-16-14Z_sanity_episodeid_metadata.json,2026-03-05T06-16-14Z_sanity_episodeid_metadata,sanity_episodeid_metadata,2026-03-05T06:16:14Z,,,db/chroma_db_scene_w1_eid,,,,,,,db/chroma_db_scene_w1_eid,mmr,12,False,q7,Who is Creed and what is his deal?,True,False,False,12,12116,7,7,0.25,0.9353340267248305,0.41666666666666663,0.41666666666666663,False,80.01,0,,
experiments/runs/2026-03-05T06-20-32Z_sanity_episodeid_metadata_main_db.json,2026-03-05T06-20-32Z_sanity_episodeid_metadata_main_db,sanity_episodeid_metadata_main_db,2026-03-05T06:20:32Z,,,db/chroma_db_scene_w1,,,,,,,db/chroma_db_scene_w1,mmr,12,False,q1,Find the episode where Dwight says something like 'Bears. Beets. Battlestar Galactica.' What is the context?,True,False,False,12,15935,9,9,0.25,0.9533522741071694,0.25,0.25,False,84.15,0,,True
experiments/runs/2026-03-05T06-20-32Z_sanity_episodeid_metadata_main_db.json,2026-03-05T06-20-32Z_sanity_episodeid_metadata_main_db,sanity_episodeid_metadata_main_db,2026-03-05T06:20:32Z,,,db/chroma_db_scene_w1,,,,,,,db/chroma_db_scene_w1,mmr,12,False,q2,In what episode does Michael burn his foot?,True,False,False,12,12982,4,5,0.75,0.603759374819711,0.5833333333333333,0.6666666666666667,False,42.59,0,,False
experiments/runs/2026-03-05T06-20-32Z_sanity_episodeid_metadata_main_db.json,2026-03-05T06-20-32Z_sanity_episodeid_metadata_main_db,sanity_episodeid_metadata_main_db,2026-03-05T06:20:32Z,,,db/chroma_db_scene_w1,,,,,,,db/chroma_db_scene_w1,mmr,12,False,q3,Summarize season 2 of The Office.,True,False,False,12,13274,7,7,0.08333333333333333,0.7449104881572809,0.41666666666666663,0.41666666666666663,True,77.27,0,,
experiments/runs/2026-03-05T06-20-32Z_sanity_episodeid_metadata_main_db.json,2026-03-05T06-20-32Z_sanity_episodeid_metadata_main_db,sanity_episodeid_metadata_main_db,2026-03-05T06:20:32Z,,,db/chroma_db_scene_w1,,,,,,,db/chroma_db_scene_w1,mmr,12,False,q4,Why does Dwight dislike Jim? Give 3 reasons with examples,True,False,False,12,9850,9,9,0.16666666666666666,0.9315306485119265,0.25,0.25,True,86.09,0,,
experiments/runs/2026-03-05T06-20-32Z_sanity_episodeid_metadata_main_db.json,2026-03-05T06-20-32Z_sanity_episodeid_metadata_main_db,sanity_episodeid_metadata_main_db,2026-03-05T06:20:32Z,,,db/chroma_db_scene_w1,,,,,,,db/chroma_db_scene_w1,mmr,12,False,q5,List Michael Scott’s serious girlfriends and how the relationships ended.,True,False,False,12,17861,6,6,0.4166666666666667,0.7814421719854818,0.5,0.5,True,65.58,0,,
experiments/runs/2026-03-05T06-20-32Z_sanity_episodeid_metadata_main_db.json,2026-03-05T06-20-32Z_sanity_episodeid_metadata_main_db,sanity_episodeid_metadata_main_db,2026-03-05T06:20:32Z,,,db/chroma_db_scene_w1,,,,,,,db/chroma_db_scene_w1,mmr,12,False,q6,What is the teapot letter and why is it important?,True,False,False,12,13827,8,8,0.25,0.9517961807358447,0.33333333333333337,0.33333333333333337,False,82.41,0,,False
experiments/runs/2026-03-05T06-20-32Z_sanity_episodeid_metadata_main_db.json,2026-03-05T06-20-32Z_sanity_episodeid_metadata_main_db,sanity_episodeid_metadata_main_db,2026-03-05T06:20:32Z,,,db/chroma_db_scene_w1,,,,,,,db/chroma_db_scene_w1,mmr,12,False,q7,Who is Creed and what is his deal?,True,False,False,12,12116,7,7,0.25,0.9353340267248305,0.41666666666666663,0.41666666666666663,False,80.01,0,,
experiments/runs/2026-03-05T06-21-28Z_topiccards_blended_gen_gpt_4_1_mini_baseline_similarity_k3.json,2026-03-05T06-21-28Z_topiccards_blended_gen_gpt_4_1_mini_baseline_similarity_k3,topiccards_blended_gen_gpt_4_1_mini_baseline_similarity_k3,2026-03-05T06:21:28Z,,,db/chroma_db,,,,,,,db/chroma_db,similarity,3,False,q1,Find the episode where Dwight says something like 'Bears. Beets. Battlestar Galactica.' What is the context?,True,False,False,3,2557,3,3,0.3333333333333333,0.9999999999999998,0.0,0.0,False,88.33,0,False,False
experiments/runs/2026-03-05T06-21-28Z_topiccards_blended_gen_gpt_4_1_mini_baseline_similarity_k3.json,2026-03-05T06-21-28Z_topiccards_blended_gen_gpt_4_1_mini_baseline_similarity_k3,topiccards_blended_gen_gpt_4_1_mini_baseline_similarity_k3,2026-03-05T06:21:28Z,,,db/chroma_db,,,,,,,db/chroma_db,similarity,3,False,q2,In what episode does Michael burn his foot?,True,False,True,3,1707,1,2,1.0,,0.33333333333333337,0.6666666666666667,False,6.67,0,False,False
experiments/runs/2026-03-05T06-21-28Z_topiccards_blended_gen_gpt_4_1_mini_baseline_similarity_k3.json,2026-03-05T06-21-28Z_topiccards_blended_gen_gpt_4_1_mini_baseline_similarity_k3,topiccards_blended_gen_gpt_4_1_mini_baseline_similarity_k3,2026-03-05T06:21:28Z,,,db/chroma_db,,,,,,,db/chroma_db,similarity,3,False,q3,Summarize season 2 of The Office.,True,False,True,3,4503,1,1,0.3333333333333333,,0.6666666666666667,0.6666666666666667,True,30.0,0,False,
experiments/runs/2026-03-05T06-21-28Z_topiccards_blended_gen_gpt_4_1_mini_baseline_similarity_k3.json,2026-03-05T06-21-28Z_topiccards_blended_gen_gpt_4_1_mini_baseline_similarity_k3,topiccards_blended_gen_gpt_4_1_mini_baseline_similarity_k3,2026-03-05T06:21:28Z,,,db/chroma_db,,,,,,,db/chroma_db,similarity,3,False,q4,Why does Dwight dislike Jim? Give 3 reasons with examples,True,False,False,3,3526,3,3,0.3333333333333333,0.9999999999999998,0.0,0.0,True,88.33,0,False,
experiments/runs/2026-03-05T06-21-28Z_topiccards_blended_gen_gpt_4_1_mini_baseline_similarity_k3.json,2026-03-05T06-21-28Z_topiccards_blended_gen_gpt_4_1_mini_baseline_similarity_k3,topiccards_blended_gen_gpt_4_1_mini_baseline_similarity_k3,2026-03-05T06:21:28Z,,,db/chroma_db,,,,,,,db/chroma_db,similarity,3,False,q5,List Michael Scott’s serious girlfriends and how the relationships ended.,True,False,True,3,3838,3,3,0.3333333333333333,0.9999999999999998,0.0,0.0,True,88.33,1,True,
experiments/runs/2026-03-05T06-21-28Z_topiccards_blended_gen_gpt_4_1_mini_baseline_similarity_k3.json,2026-03-05T06-21-28Z_topiccards_blended_gen_gpt_4_1_mini_baseline_similarity_k3,topiccards_blended_gen_gpt_4_1_mini_baseline_similarity_k3,2026-03-05T06:21:28Z,,,db/chroma_db,,,,,,,db/chroma_db,similarity,3,False,q6,What is the teapot letter and why is it important?,True,True,False,3,3002,3,3,0.3333333333333333,0.9999999999999998,0.0,0.0,False,88.33,0,,True
experiments/runs/2026-03-05T06-21-28Z_topiccards_blended_gen_gpt_4_1_mini_baseline_similarity_k3.json,2026-03-05T06-21-28Z_topiccards_blended_gen_gpt_4_1_mini_baseline_similarity_k3,topiccards_blended_gen_gpt_4_1_mini_baseline_similarity_k3,2026-03-05T06:21:28Z,,,db/chroma_db,,,,,,,db/chroma_db,similarity,3,False,q7,Who is Creed and what is his deal?,True,False,False,3,1972,2,2,0.6666666666666666,0.9182958340544894,0.33333333333333337,0.33333333333333337,False,66.32,0,False,
experiments/runs/2026-03-05T06-21-50Z_topiccards_blended_gen_gpt_4_1_mini_t1_similarity_k12.json,2026-03-05T06-21-50Z_topiccards_blended_gen_gpt_4_1_mini_t1_similarity_k12,topiccards_blended_gen_gpt_4_1_mini_t1_similarity_k12,2026-03-05T06:21:50Z,,,db/chroma_db,,,,,,,db/chroma_db,similarity,12,False,q1,Find the episode where Dwight says something like 'Bears. Beets. Battlestar Galactica.' What is the context?,True,False,True,12,11838,11,11,0.16666666666666666,0.9881090915741209,0.08333333333333337,0.08333333333333337,False,91.96,0,False,False
experiments/runs/2026-03-05T06-21-50Z_topiccards_blended_gen_gpt_4_1_mini_t1_similarity_k12.json,2026-03-05T06-21-50Z_topiccards_blended_gen_gpt_4_1_mini_t1_similarity_k12,topiccards_blended_gen_gpt_4_1_mini_t1_similarity_k12,2026-03-05T06:21:50Z,,,db/chroma_db,,,,,,,db/chroma_db,similarity,12,False,q2,In what episode does Michael burn his foot?,True,False,True,12,9532,5,6,0.5833333333333334,0.766893743799275,0.5,0.5833333333333333,False,57.43,0,False,False
experiments/runs/2026-03-05T06-21-50Z_topiccards_blended_gen_gpt_4_1_mini_t1_similarity_k12.json,2026-03-05T06-21-50Z_topiccards_blended_gen_gpt_4_1_mini_t1_similarity_k12,topiccards_blended_gen_gpt_4_1_mini_t1_similarity_k12,2026-03-05T06:21:50Z,,,db/chroma_db,,,,,,,db/chroma_db,similarity,12,False,q3,Summarize season 2 of The Office.,True,False,False,12,12949,6,7,0.16666666666666666,0.7445220030143924,0.41666666666666663,0.5,True,72.67,0,False,
experiments/runs/2026-03-05T06-21-50Z_topiccards_blended_gen_gpt_4_1_mini_t1_similarity_k12.json,2026-03-05T06-21-50Z_topiccards_blended_gen_gpt_4_1_mini_t1_similarity_k12,topiccards_blended_gen_gpt_4_1_mini_t1_similarity_k12,2026-03-05T06:21:50Z,,,db/chroma_db,,,,,,,db/chroma_db,similarity,12,False,q4,Why does Dwight dislike Jim? Give 3 reasons with examples,True,False,True,12,11507,8,8,0.25,0.9077694446047015,0.33333333333333337,0.33333333333333337,True,80.43,1,True,
experiments/runs/2026-03-05T06-21-50Z_topiccards_blended_gen_gpt_4_1_mini_t1_similarity_k12.json,2026-03-05T06-21-50Z_topiccards_blended_gen_gpt_4_1_mini_t1_similarity_k12,topiccards_blended_gen_gpt_4_1_mini_t1_similarity_k12,2026-03-05T06:21:50Z,,,db/chroma_db,,,,,,,db/chroma_db,similarity,12,False,q5,List Michael Scott’s serious girlfriends and how the relationships ended.,True,False,False,12,14005,7,8,0.16666666666666666,0.8390063271662106,0.33333333333333337,0.41666666666666663,True,78.59,0,False,
experiments/runs/2026-03-05T06-21-50Z_topiccards_blended_gen_gpt_4_1_mini_t1_similarity_k12.json,2026-03-05T06-21-50Z_topiccards_blended_gen_gpt_4_1_mini_t1_similarity_k12,topiccards_blended_gen_gpt_4_1_mini_t1_similarity_k12,2026-03-05T06:21:50Z,,,db/chroma_db,,,,,,,db/chroma_db,similarity,12,False,q6,What is the teapot letter and why is it important?,True,False,True,12,10468,10,10,0.25,0.9599009323677093,0.16666666666666663,0.16666666666666663,False,86.11,3,True,False
experiments/runs/2026-03-05T06-21-50Z_topiccards_blended_gen_gpt_4_1_mini_t1_similarity_k12.json,2026-03-05T06-21-50Z_topiccards_blended_gen_gpt_4_1_mini_t1_similarity_k12,topiccards_blended_gen_gpt_4_1_mini_t1_similarity_k12,2026-03-05T06:21:50Z,,,db/chroma_db,,,,,,,db/chroma_db,similarity,12,False,q7,Who is Creed and what is his deal?,True,False,False,12,6540,8,8,0.25,0.9517961807358447,0.33333333333333337,0.33333333333333337,False,82.41,0,False,
experiments/runs/2026-03-05T06-22-22Z_topiccards_blended_gen_gpt_4_1_mini_t2_mmr_k12_fetch40_l07_fixed.json,2026-03-05T06-22-22Z_topiccards_blended_gen_gpt_4_1_mini_t2_mmr_k12_fetch40_l07_fixed,topiccards_blended_gen_gpt_4_1_mini_t2_mmr_k12_fetch40_l07_fixed,2026-03-05T06:22:22Z,,,db/chroma_db,,,,,,,db/chroma_db,mmr,12,False,q1,Find the episode where Dwight says something like 'Bears. Beets. Battlestar Galactica.' What is the context?,True,False,True,12,11979,12,12,0.08333333333333333,1.0000000000000004,0.0,0.0,False,97.08,0,False,False
experiments/runs/2026-03-05T06-22-22Z_topiccards_blended_gen_gpt_4_1_mini_t2_mmr_k12_fetch40_l07_fixed.json,2026-03-05T06-22-22Z_topiccards_blended_gen_gpt_4_1_mini_t2_mmr_k12_fetch40_l07_fixed,topiccards_blended_gen_gpt_4_1_mini_t2_mmr_k12_fetch40_l07_fixed,2026-03-05T06:22:22Z,,,db/chroma_db,,,,,,,db/chroma_db,mmr,12,False,q2,In what episode does Michael burn his foot?,True,False,True,12,9532,5,6,0.5833333333333334,0.766893743799275,0.5,0.5833333333333333,False,57.43,0,False,False
experiments/runs/2026-03-05T06-22-22Z_topiccards_blended_gen_gpt_4_1_mini_t2_mmr_k12_fetch40_l07_fixed.json,2026-03-05T06-22-22Z_topiccards_blended_gen_gpt_4_1_mini_t2_mmr_k12_fetch40_l07_fixed,topiccards_blended_gen_gpt_4_1_mini_t2_mmr_k12_fetch40_l07_fixed,2026-03-05T06:22:22Z,,,db/chroma_db,,,,,,,db/chroma_db,mmr,12,False,q3,Summarize season 2 of The Office.,True,False,False,12,12949,6,7,0.16666666666666666,0.7445220030143924,0.41666666666666663,0.5,True,72.67,0,False,
experiments/runs/2026-03-05T06-22-22Z_topiccards_blended_gen_gpt_4_1_mini_t2_mmr_k12_fetch40_l07_fixed.json,2026-03-05T06-22-22Z_topiccards_blended_gen_gpt_4_1_mini_t2_mmr_k12_fetch40_l07_fixed,topiccards_blended_gen_gpt_4_1_mini_t2_mmr_k12_fetch40_l07_fixed,2026-03-05T06:22:22Z,,,db/chroma_db,,,,,,,db/chroma_db,mmr,12,False,q4,Why does Dwight dislike Jim? Give 3 reasons with examples,True,False,True,12,11507,8,8,0.25,0.9077694446047015,0.33333333333333337,0.33333333333333337,True,80.43,1,True,
experiments/runs/2026-03-05T06-22-22Z_topiccards_blended_gen_gpt_4_1_mini_t2_mmr_k12_fetch40_l07_fixed.json,2026-03-05T06-22-22Z_topiccards_blended_gen_gpt_4_1_mini_t2_mmr_k12_fetch40_l07_fixed,topiccards_blended_gen_gpt_4_1_mini_t2_mmr_k12_fetch40_l07_fixed,2026-03-05T06:22:22Z,,,db/chroma_db,,,,,,,db/chroma_db,mmr,12,False,q5,List Michael Scott’s serious girlfriends and how the relationships ended.,True,False,False,12,14005,7,8,0.16666666666666666,0.8390063271662106,0.33333333333333337,0.41666666666666663,True,78.59,0,False,
experiments/runs/2026-03-05T06-22-22Z_topiccards_blended_gen_gpt_4_1_mini_t2_mmr_k12_fetch40_l07_fixed.json,2026-03-05T06-22-22Z_topiccards_blended_gen_gpt_4_1_mini_t2_mmr_k12_fetch40_l07_fixed,topiccards_blended_gen_gpt_4_1_mini_t2_mmr_k12_fetch40_l07_fixed,2026-03-05T06:22:22Z,,,db/chroma_db,,,,,,,db/chroma_db,mmr,12,False,q6,What is the teapot letter and why is it important?,True,False,True,12,10620,11,11,0.16666666666666666,0.9881090915741209,0.08333333333333337,0.08333333333333337,False,91.96,1,True,False
experiments/runs/2026-03-05T06-22-22Z_topiccards_blended_gen_gpt_4_1_mini_t2_mmr_k12_fetch40_l07_fixed.json,2026-03-05T06-22-22Z_topiccards_blended_gen_gpt_4_1_mini_t2_mmr_k12_fetch40_l07_fixed,topiccards_blended_gen_gpt_4_1_mini_t2_mmr_k12_fetch40_l07_fixed,2026-03-05T06:22:22Z,,,db/chroma_db,,,,,,,db/chroma_db,mmr,12,False,q7,Who is Creed and what is his deal?,True,False,False,12,6540,8,8,0.25,0.9517961807358447,0.33333333333333337,0.33333333333333337,False,82.41,0,True,
experiments/runs/2026-03-05T06-23-02Z_script_only_qe_rrf_allsteps_4_1_nano.json,2026-03-05T06-23-02Z_script_only_qe_rrf_allsteps_4_1_nano,script_only_qe_rrf_allsteps_4.1-nano,2026-03-05T06:23:02Z,,,db/chroma_db_scene_w1,,,,,,,db/chroma_db_scene_w1,mmr,16,True,q1,Find the episode where Dwight says something like 'Bears. Beets. Battlestar Galactica.' What is the context?,True,False,True,8,11449,6,6,0.25,0.967132018086354,0.25,0.25,False,84.77,1,True,True
experiments/runs/2026-03-05T06-23-02Z_script_only_qe_rrf_allsteps_4_1_nano.json,2026-03-05T06-23-02Z_script_only_qe_rrf_allsteps_4_1_nano,script_only_qe_rrf_allsteps_4.1-nano,2026-03-05T06:23:02Z,,,db/chroma_db_scene_w1,,,,,,,db/chroma_db_scene_w1,mmr,16,True,q2,In what episode does Michael burn his foot?,True,False,False,10,14369,2,3,0.9,0.46899559358928117,0.7,0.8,False,28.6,0,False,False
experiments/runs/2026-03-05T06-23-02Z_script_only_qe_rrf_allsteps_4_1_nano.json,2026-03-05T06-23-02Z_script_only_qe_rrf_allsteps_4_1_nano,script_only_qe_rrf_allsteps_4.1-nano,2026-03-05T06:23:02Z,,,db/chroma_db_scene_w1,,,,,,,db/chroma_db_scene_w1,mmr,16,True,q3,Summarize season 2 of The Office.,True,True,False,11,3935,11,11,0.09090909090909091,1.0,0.0,0.0,True,96.82,0,,
experiments/runs/2026-03-05T06-23-02Z_script_only_qe_rrf_allsteps_4_1_nano.json,2026-03-05T06-23-02Z_script_only_qe_rrf_allsteps_4_1_nano,script_only_qe_rrf_allsteps_4.1-nano,2026-03-05T06:23:02Z,,,db/chroma_db_scene_w1,,,,,,,db/chroma_db_scene_w1,mmr,16,True,q4,Why does Dwight dislike Jim? Give 3 reasons with examples,True,True,False,11,9766,10,10,0.18181818181818182,0.9866599586738648,0.09090909090909094,0.09090909090909094,True,91.22,0,,
experiments/runs/2026-03-05T06-23-02Z_script_only_qe_rrf_allsteps_4_1_nano.json,2026-03-05T06-23-02Z_script_only_qe_rrf_allsteps_4_1_nano,script_only_qe_rrf_allsteps_4.1-nano,2026-03-05T06:23:02Z,,,db/chroma_db_scene_w1,,,,,,,db/chroma_db_scene_w1,mmr,16,True,q5,List Michael Scott’s serious girlfriends and how the relationships ended.,True,False,False,14,21187,9,9,0.42857142857142855,0.8516018041725562,0.3571428571428571,0.3571428571428571,True,71.18,0,False,
experiments/runs/2026-03-05T06-23-02Z_script_only_qe_rrf_allsteps_4_1_nano.json,2026-03-05T06-23-02Z_script_only_qe_rrf_allsteps_4_1_nano,script_only_qe_rrf_allsteps_4.1-nano,2026-03-05T06:23:02Z,,,db/chroma_db_scene_w1,,,,,,,db/chroma_db_scene_w1,mmr,16,True,q6,What is the teapot letter and why is it important?,True,True,False,15,15449,10,10,0.26666666666666666,0.9352672625244962,0.33333333333333337,0.33333333333333337,False,81.09,0,,False
experiments/runs/2026-03-05T06-23-02Z_script_only_qe_rrf_allsteps_4_1_nano.json,2026-03-05T06-23-02Z_script_only_qe_rrf_allsteps_4_1_nano,script_only_qe_rrf_allsteps_4.1-nano,2026-03-05T06:23:02Z,,,db/chroma_db_scene_w1,,,,,,,db/chroma_db_scene_w1,mmr,16,True,q7,Who is Creed and what is his deal?,True,False,False,12,12236,8,8,0.25,0.9308270834535263,0.33333333333333337,0.33333333333333337,False,81.47,0,False,
experiments/runs/2026-03-05T20-13-07Z_sanity_script_db_fingerprint.json,2026-03-05T20-13-07Z_sanity_script_db_fingerprint,sanity_script_db_fingerprint,2026-03-05T20:13:07Z,v4,72d22fa7e61608e870859099208381ced1050364,db/chroma_db_meta,,8e3fdb13167a96c659ec7bb8e7a6f38092c06c7dcd098b5c040edbae80412916,db/chroma_db_derived_cards,derived_cards,2026-03-05T03:25:17Z,0945708b5d5fccf6b2d46017098196716e5f4cd91c771f886c507f576bd97a63,db/chroma_db_meta,similarity,3,False,q1,Find the episode where Dwight says something like 'Bears. Beets. Battlestar Galactica.' What is the context?,True,False,False,3,2510,3,3,0.3333333333333333,0.9999999999999998,0.0,0.0,False,88.33,0,,True
experiments/runs/2026-03-05T20-13-07Z_sanity_script_db_fingerprint.json,2026-03-05T20-13-07Z_sanity_script_db_fingerprint,sanity_script_db_fingerprint,2026-03-05T20:13:07Z,v4,72d22fa7e61608e870859099208381ced1050364,db/chroma_db_meta,,8e3fdb13167a96c659ec7bb8e7a6f38092c06c7dcd098b5c040edbae80412916,db/chroma_db_derived_cards,derived_cards,2026-03-05T03:25:17Z,0945708b5d5fccf6b2d46017098196716e5f4cd91c771f886c507f576bd97a63,db/chroma_db_meta,similarity,3,False,q2,In what episode does Michael burn his foot?,True,False,False,3,1707,1,2,1.0,,0.33333333333333337,0.6666666666666667,False,6.67,0,,False
experiments/runs/2026-03-05T20-13-07Z_sanity_script_db_fingerprint.json,2026-03-05T20-13-07Z_sanity_script_db_fingerprint,sanity_script_db_fingerprint,2026-03-05T20:13:07Z,v4,72d22fa7e61608e870859099208381ced1050364,db/chroma_db_meta,,8e3fdb13167a96c659ec7bb8e7a6f38092c06c7dcd098b5c040edbae80412916,db/chroma_db_derived_cards,derived_cards,2026-03-05T03:25:17Z,0945708b5d5fccf6b2d46017098196716e5f4cd91c771f886c507f576bd97a63,db/chroma_db_meta,similarity,3,False,q3,Summarize season 2 of The Office.,True,False,False,3,4503,1,1,0.3333333333333333,,0.6666666666666667,0.6666666666666667,True,30.0,0,,
experiments/runs/2026-03-05T20-13-07Z_sanity_script_db_fingerprint.json,2026-03-05T20-13-07Z_sanity_script_db_fingerprint,sanity_script_db_fingerprint,2026-03-05T20:13:07Z,v4,72d22fa7e61608e870859099208381ced1050364,db/chroma_db_meta,,8e3fdb13167a96c659ec7bb8e7a6f38092c06c7dcd098b5c040edbae80412916,db/chroma_db_derived_cards,derived_cards,2026-03-05T03:25:17Z,0945708b5d5fccf6b2d46017098196716e5f4cd91c771f886c507f576bd97a63,db/chroma_db_meta,similarity,3,False,q4,Why does Dwight dislike Jim? Give 3 reasons with examples,True,False,False,3,3526,3,3,0.3333333333333333,0.9999999999999998,0.0,0.0,True,88.33,0,,
experiments/runs/2026-03-05T20-13-07Z_sanity_script_db_fingerprint.json,2026-03-05T20-13-07Z_sanity_script_db_fingerprint,sanity_script_db_fingerprint,2026-03-05T20:13:07Z,v4,72d22fa7e61608e870859099208381ced1050364,db/chroma_db_meta,,8e3fdb13167a96c659ec7bb8e7a6f38092c06c7dcd098b5c040edbae80412916,db/chroma_db_derived_cards,derived_cards,2026-03-05T03:25:17Z,0945708b5d5fccf6b2d46017098196716e5f4cd91c771f886c507f576bd97a63,db/chroma_db_meta,similarity,3,False,q5,List Michael Scott’s serious girlfriends and how the relationships ended.,True,False,False,3,3838,3,3,0.3333333333333333,0.9999999999999998,0.0,0.0,True,88.33,0,,
experiments/runs/2026-03-05T20-13-07Z_sanity_script_db_fingerprint.json,2026-03-05T20-13-07Z_sanity_script_db_fingerprint,sanity_script_db_fingerprint,2026-03-05T20:13:07Z,v4,72d22fa7e61608e870859099208381ced1050364,db/chroma_db_meta,,8e3fdb13167a96c659ec7bb8e7a6f38092c06c7dcd098b5c040edbae80412916,db/chroma_db_derived_cards,derived_cards,2026-03-05T03:25:17Z,0945708b5d5fccf6b2d46017098196716e5f4cd91c771f886c507f576bd97a63,db/chroma_db_meta,similarity,3,False,q6,What is the teapot letter and why is it important?,True,False,False,3,2984,3,3,0.3333333333333333,0.9999999999999998,0.0,0.0,False,88.33,0,,True
experiments/runs/2026-03-05T20-13-07Z_sanity_script_db_fingerprint.json,2026-03-05T20-13-07Z_sanity_script_db_fingerprint,sanity_script_db_fingerprint,2026-03-05T20:13:07Z,v4,72d22fa7e61608e870859099208381ced1050364,db/chroma_db_meta,,8e3fdb13167a96c659ec7bb8e7a6f38092c06c7dcd098b5c040edbae80412916,db/chroma_db_derived_cards,derived_cards,2026-03-05T03:25:17Z,0945708b5d5fccf6b2d46017098196716e5f4cd91c771f886c507f576bd97a63,db/chroma_db_meta,similarity,3,False,q7,Who is Creed and what is his deal?,True,False,False,3,1972,2,2,0.6666666666666666,0.9182958340544894,0.33333333333333337,0.33333333333333337,False,66.32,0,,
experiments/runs/2026-03-05T20-16-28Z_sanity_provenance_fields.json,2026-03-05T20-16-28Z_sanity_provenance_fields,sanity_provenance_fields,2026-03-05T20:16:28Z,v4,72d22fa7e61608e870859099208381ced1050364,db/chroma_db_meta,,11d88fdb7a092af58a3adfa899d0eed9bff61be72cf58ad798bb6ab26c31703d,db/chroma_db_derived_cards,derived_cards,2026-03-05T03:25:17Z,0945708b5d5fccf6b2d46017098196716e5f4cd91c771f886c507f576bd97a63,db/chroma_db_meta,similarity,3,False,q1,Find the episode where Dwight says something like 'Bears. Beets. Battlestar Galactica.' What is the context?,True,False,False,3,2510,3,3,0.3333333333333333,0.9999999999999998,0.0,0.0,False,88.33,0,,True
experiments/runs/2026-03-05T20-16-28Z_sanity_provenance_fields.json,2026-03-05T20-16-28Z_sanity_provenance_fields,sanity_provenance_fields,2026-03-05T20:16:28Z,v4,72d22fa7e61608e870859099208381ced1050364,db/chroma_db_meta,,11d88fdb7a092af58a3adfa899d0eed9bff61be72cf58ad798bb6ab26c31703d,db/chroma_db_derived_cards,derived_cards,2026-03-05T03:25:17Z,0945708b5d5fccf6b2d46017098196716e5f4cd91c771f886c507f576bd97a63,db/chroma_db_meta,similarity,3,False,q2,In what episode does Michael burn his foot?,True,False,False,3,1707,1,2,1.0,,0.33333333333333337,0.6666666666666667,False,6.67,0,,False
experiments/runs/2026-03-05T20-16-28Z_sanity_provenance_fields.json,2026-03-05T20-16-28Z_sanity_provenance_fields,sanity_provenance_fields,2026-03-05T20:16:28Z,v4,72d22fa7e61608e870859099208381ced1050364,db/chroma_db_meta,,11d88fdb7a092af58a3adfa899d0eed9bff61be72cf58ad798bb6ab26c31703d,db/chroma_db_derived_cards,derived_cards,2026-03-05T03:25:17Z,0945708b5d5fccf6b2d46017098196716e5f4cd91c771f886c507f576bd97a63,db/chroma_db_meta,similarity,3,False,q3,Summarize season 2 of The Office.,True,False,False,3,270,3,3,0.3333333333333333,0.9999999999999998,0.0,0.0,True,88.33,0,,
experiments/runs/2026-03-05T20-16-28Z_sanity_provenance_fields.json,2026-03-05T20-16-28Z_sanity_provenance_fields,sanity_provenance_fields,2026-03-05T20:16:28Z,v4,72d22fa7e61608e870859099208381ced1050364,db/chroma_db_meta,,11d88fdb7a092af58a3adfa899d0eed9bff61be72cf58ad798bb6ab26c31703d,db/chroma_db_derived_cards,derived_cards,2026-03-05T03:25:17Z,0945708b5d5fccf6b2d46017098196716e5f4cd91c771f886c507f576bd97a63,db/chroma_db_meta,similarity,3,False,q4,Why does Dwight dislike Jim? Give 3 reasons with examples,True,False,False,3,3526,3,3,0.3333333333333333,0.9999999999999998,0.0,0.0,True,88.33,0,,
experiments/runs/2026-03-05T20-16-28Z_sanity_provenance_fields.json,2026-03-05T20-16-28Z_sanity_provenance_fields,sanity_provenance_fields,2026-03-05T20:16:28Z,v4,72d22fa7e61608e870859099208381ced1050364,db/chroma_db_meta,,11d88fdb7a092af58a3adfa899d0eed9bff61be72cf58ad798bb6ab26c31703d,db/chroma_db_derived_cards,derived_cards,2026-03-05T03:25:17Z,0945708b5d5fccf6b2d46017098196716e5f4cd91c771f886c507f576bd97a63,db/chroma_db_meta,similarity,3,False,q5,List Michael Scott’s serious girlfriends and how the relationships ended.,True,False,False,3,3838,3,3,0.3333333333333333,0.9999999999999998,0.0,0.0,True,88.33,0,,
experiments/runs/2026-03-05T20-16-28Z_sanity_provenance_fields.json,2026-03-05T20-16-28Z_sanity_provenance_fields,sanity_provenance_fields,2026-03-05T20:16:28Z,v4,72d22fa7e61608e870859099208381ced1050364,db/chroma_db_meta,,11d88fdb7a092af58a3adfa899d0eed9bff61be72cf58ad798bb6ab26c31703d,db/chroma_db_derived_cards,derived_cards,2026-03-05T03:25:17Z,0945708b5d5fccf6b2d46017098196716e5f4cd91c771f886c507f576bd97a63,db/chroma_db_meta,similarity,3,False,q6,What is the teapot letter and why is it important?,True,False,False,3,2984,3,3,0.3333333333333333,0.9999999999999998,0.0,0.0,False,88.33,0,,True
experiments/runs/2026-03-05T20-16-28Z_sanity_provenance_fields.json,2026-03-05T20-16-28Z_sanity_provenance_fields,sanity_provenance_fields,2026-03-05T20:16:28Z,v4,72d22fa7e61608e870859099208381ced1050364,db/chroma_db_meta,,11d88fdb7a092af58a3adfa899d0eed9bff61be72cf58ad798bb6ab26c31703d,db/chroma_db_derived_cards,derived_cards,2026-03-05T03:25:17Z,0945708b5d5fccf6b2d46017098196716e5f4cd91c771f886c507f576bd97a63,db/chroma_db_meta,similarity,3,False,q7,Who is Creed and what is his deal?,True,False,False,3,1972,2,2,0.6666666666666666,0.9182958340544894,0.33333333333333337,0.33333333333333337,False,66.32,0,,
